
> react-kavia@0.1.0 start
> cross-env EDIT_MODE=true webpack serve --config .ve/webpack.config.js --mode development

<i> [webpack-dev-server] Project is running at:
<i> [webpack-dev-server] Loopback: http://localhost:3000/, http://[::1]:3000/
<i> [webpack-dev-server] On Your Network (IPv4): http://172.17.0.2:3000/
<i> [webpack-dev-server] Content not from webpack is served from './public' directory
Injecting EditorRootWrapper import: ../.ve/EditorRootWrapper
asset bundle.js 1.39 MiB [emitted] (name: main)
asset index.html 1.92 KiB [emitted]
runtime modules 27.5 KiB 14 modules
modules by path ./node_modules/ 1.24 MiB 31 modules
modules by path ./src/ 10.3 KiB
  modules by path ./src/*.css 7.49 KiB 4 modules
  modules by path ./src/*.js 2.76 KiB
    ./src/index.js 530 bytes [built] [code generated]
    ./src/App.js 2.24 KiB [built] [code generated]
modules by path ./.ve/ 15.1 KiB
  modules by path ./.ve/*.js 10.6 KiB 2 modules
  modules by path ./.ve/*.css 2.93 KiB
    ./.ve/EditorOverlay.css 2.25 KiB [built] [code generated]
    ./node_modules/css-loader/dist/cjs.js!./.ve/EditorOverlay.css 697 bytes [built] [code generated]
  ./.ve/EditorOverlay.jsx 1.58 KiB [built] [code generated]
webpack 5.99.9 compiled successfully in 1465 ms
assets by status 1.92 KiB [cached] 1 asset
assets by path *.js 1.42 MiB
  asset bundle.js 1.4 MiB [emitted] (name: main)
  asset main.af9ce6a48257e12647f0.hot-update.js 15.1 KiB [emitted] [immutable] [hmr] (name: main)
asset main.af9ce6a48257e12647f0.hot-update.json 28 bytes [emitted] [immutable] [hmr]
Entrypoint main 1.42 MiB = bundle.js 1.4 MiB main.af9ce6a48257e12647f0.hot-update.js 15.1 KiB
cached modules 1.26 MiB [cached] 41 modules
runtime modules 27.5 KiB 14 modules
./src/App.js 5.38 KiB [built] [code generated]

ERROR in ./src/App.js 2:0-84
Module not found: Error: Can't resolve 'react-router-dom' in '/home/kavia/workspace/code-generation/kollywood-quizmaster-38829-639dbda0/kollywood_quizmaster/src'
 @ ./src/index.js 5:0-24 11:32-35

ERROR in ./src/App.js 3:0-59
Module not found: Error: Can't resolve './context/AppContext' in '/home/kavia/workspace/code-generation/kollywood-quizmaster-38829-639dbda0/kollywood_quizmaster/src'
 @ ./src/index.js 5:0-24 11:32-35

ERROR in ./src/App.js 4:0-41
Module not found: Error: Can't resolve './components/Navbar' in '/home/kavia/workspace/code-generation/kollywood-quizmaster-38829-639dbda0/kollywood_quizmaster/src'
 @ ./src/index.js 5:0-24 11:32-35

ERROR in ./src/App.js 5:0-39
Module not found: Error: Can't resolve './components/Login' in '/home/kavia/workspace/code-generation/kollywood-quizmaster-38829-639dbda0/kollywood_quizmaster/src'
 @ ./src/index.js 5:0-24 11:32-35

ERROR in ./src/App.js 6:0-47
Module not found: Error: Can't resolve './components/Dashboard' in '/home/kavia/workspace/code-generation/kollywood-quizmaster-38829-639dbda0/kollywood_quizmaster/src'
 @ ./src/index.js 5:0-24 11:32-35

ERROR in ./src/App.js 7:0-58
Module not found: Error: Can't resolve './games/BlurredPosterQuiz' in '/home/kavia/workspace/code-generation/kollywood-quizmaster-38829-639dbda0/kollywood_quizmaster/src'
 @ ./src/index.js 5:0-24 11:32-35

ERROR in ./src/App.js 8:0-62
Module not found: Error: Can't resolve './games/CharacterMovieMatch' in '/home/kavia/workspace/code-generation/kollywood-quizmaster-38829-639dbda0/kollywood_quizmaster/src'
 @ ./src/index.js 5:0-24 11:32-35

ERROR in ./src/App.js 9:0-44
Module not found: Error: Can't resolve './games/MovieBingo' in '/home/kavia/workspace/code-generation/kollywood-quizmaster-38829-639dbda0/kollywood_quizmaster/src'
 @ ./src/index.js 5:0-24 11:32-35

ERROR in ./src/App.js 10:0-50
Module not found: Error: Can't resolve './games/MovieTimeline' in '/home/kavia/workspace/code-generation/kollywood-quizmaster-38829-639dbda0/kollywood_quizmaster/src'
 @ ./src/index.js 5:0-24 11:32-35

ERROR in ./src/App.js 11:0-48
Module not found: Error: Can't resolve './games/SpinTheWheel' in '/home/kavia/workspace/code-generation/kollywood-quizmaster-38829-639dbda0/kollywood_quizmaster/src'
 @ ./src/index.js 5:0-24 11:32-35

ERROR in ./src/App.js 12:0-42
Module not found: Error: Can't resolve './games/CastCombo' in '/home/kavia/workspace/code-generation/kollywood-quizmaster-38829-639dbda0/kollywood_quizmaster/src'
 @ ./src/index.js 5:0-24 11:32-35

ERROR in ./src/App.js 13:0-57
Module not found: Error: Can't resolve './components/ResultsSummary' in '/home/kavia/workspace/code-generation/kollywood-quizmaster-38829-639dbda0/kollywood_quizmaster/src'
 @ ./src/index.js 5:0-24 11:32-35

12 errors have detailed information that is not shown.
Use 'stats.errorDetails: true' resp. '--stats-error-details' to show it.

webpack 5.99.9 compiled with 12 errors in 177 ms
assets by status 1.92 KiB [cached] 1 asset
assets by path *.js 1.42 MiB
  asset bundle.js 1.4 MiB [emitted] (name: main)
  asset main.4aa43dbbc59ccb80de6c.hot-update.js 17 KiB [emitted] [immutable] [hmr] (name: main)
asset main.4aa43dbbc59ccb80de6c.hot-update.json 28 bytes [emitted] [immutable] [hmr]
Entrypoint main 1.42 MiB = bundle.js 1.4 MiB main.4aa43dbbc59ccb80de6c.hot-update.js 17 KiB
cached modules 1.26 MiB [cached] 41 modules
runtime modules 27.5 KiB 14 modules
javascript modules 6.29 KiB
  ./src/App.js 5.38 KiB [code generated]
  ./src/context/AppContext.js 929 bytes [built] [code generated]

ERROR in ./src/App.js 2:0-84
Module not found: Error: Can't resolve 'react-router-dom' in '/home/kavia/workspace/code-generation/kollywood-quizmaster-38829-639dbda0/kollywood_quizmaster/src'
 @ ./src/index.js 5:0-24 11:32-35

ERROR in ./src/App.js 4:0-41
Module not found: Error: Can't resolve './components/Navbar' in '/home/kavia/workspace/code-generation/kollywood-quizmaster-38829-639dbda0/kollywood_quizmaster/src'
 @ ./src/index.js 5:0-24 11:32-35

ERROR in ./src/App.js 5:0-39
Module not found: Error: Can't resolve './components/Login' in '/home/kavia/workspace/code-generation/kollywood-quizmaster-38829-639dbda0/kollywood_quizmaster/src'
 @ ./src/index.js 5:0-24 11:32-35

ERROR in ./src/App.js 6:0-47
Module not found: Error: Can't resolve './components/Dashboard' in '/home/kavia/workspace/code-generation/kollywood-quizmaster-38829-639dbda0/kollywood_quizmaster/src'
 @ ./src/index.js 5:0-24 11:32-35

ERROR in ./src/App.js 7:0-58
Module not found: Error: Can't resolve './games/BlurredPosterQuiz' in '/home/kavia/workspace/code-generation/kollywood-quizmaster-38829-639dbda0/kollywood_quizmaster/src'
 @ ./src/index.js 5:0-24 11:32-35

ERROR in ./src/App.js 8:0-62
Module not found: Error: Can't resolve './games/CharacterMovieMatch' in '/home/kavia/workspace/code-generation/kollywood-quizmaster-38829-639dbda0/kollywood_quizmaster/src'
 @ ./src/index.js 5:0-24 11:32-35

ERROR in ./src/App.js 9:0-44
Module not found: Error: Can't resolve './games/MovieBingo' in '/home/kavia/workspace/code-generation/kollywood-quizmaster-38829-639dbda0/kollywood_quizmaster/src'
 @ ./src/index.js 5:0-24 11:32-35

ERROR in ./src/App.js 10:0-50
Module not found: Error: Can't resolve './games/MovieTimeline' in '/home/kavia/workspace/code-generation/kollywood-quizmaster-38829-639dbda0/kollywood_quizmaster/src'
 @ ./src/index.js 5:0-24 11:32-35

ERROR in ./src/App.js 11:0-48
Module not found: Error: Can't resolve './games/SpinTheWheel' in '/home/kavia/workspace/code-generation/kollywood-quizmaster-38829-639dbda0/kollywood_quizmaster/src'
 @ ./src/index.js 5:0-24 11:32-35

ERROR in ./src/App.js 12:0-42
Module not found: Error: Can't resolve './games/CastCombo' in '/home/kavia/workspace/code-generation/kollywood-quizmaster-38829-639dbda0/kollywood_quizmaster/src'
 @ ./src/index.js 5:0-24 11:32-35

ERROR in ./src/App.js 13:0-57
Module not found: Error: Can't resolve './components/ResultsSummary' in '/home/kavia/workspace/code-generation/kollywood-quizmaster-38829-639dbda0/kollywood_quizmaster/src'
 @ ./src/index.js 5:0-24 11:32-35

11 errors have detailed information that is not shown.
Use 'stats.errorDetails: true' resp. '--stats-error-details' to show it.

webpack 5.99.9 compiled with 11 errors in 66 ms
assets by status 1.92 KiB [cached] 1 asset
assets by path *.js 1.43 MiB
  asset bundle.js 1.41 MiB [emitted] (name: main)
  asset main.73f4f15e6d0f38e31474.hot-update.js 19.1 KiB [emitted] [immutable] [hmr] (name: main)
asset main.73f4f15e6d0f38e31474.hot-update.json 28 bytes [emitted] [immutable] [hmr]
Entrypoint main 1.43 MiB = bundle.js 1.41 MiB main.73f4f15e6d0f38e31474.hot-update.js 19.1 KiB
cached modules 1.26 MiB [cached] 42 modules
runtime modules 27.5 KiB 14 modules
javascript modules 7.39 KiB
  ./src/App.js 5.38 KiB [code generated]
  ./src/components/Navbar.js 2.01 KiB [built] [code generated]

ERROR in ./src/App.js 2:0-84
Module not found: Error: Can't resolve 'react-router-dom' in '/home/kavia/workspace/code-generation/kollywood-quizmaster-38829-639dbda0/kollywood_quizmaster/src'
 @ ./src/index.js 5:0-24 11:32-35

ERROR in ./src/App.js 5:0-39
Module not found: Error: Can't resolve './components/Login' in '/home/kavia/workspace/code-generation/kollywood-quizmaster-38829-639dbda0/kollywood_quizmaster/src'
 @ ./src/index.js 5:0-24 11:32-35

ERROR in ./src/App.js 6:0-47
Module not found: Error: Can't resolve './components/Dashboard' in '/home/kavia/workspace/code-generation/kollywood-quizmaster-38829-639dbda0/kollywood_quizmaster/src'
 @ ./src/index.js 5:0-24 11:32-35

ERROR in ./src/App.js 7:0-58
Module not found: Error: Can't resolve './games/BlurredPosterQuiz' in '/home/kavia/workspace/code-generation/kollywood-quizmaster-38829-639dbda0/kollywood_quizmaster/src'
 @ ./src/index.js 5:0-24 11:32-35

ERROR in ./src/App.js 8:0-62
Module not found: Error: Can't resolve './games/CharacterMovieMatch' in '/home/kavia/workspace/code-generation/kollywood-quizmaster-38829-639dbda0/kollywood_quizmaster/src'
 @ ./src/index.js 5:0-24 11:32-35

ERROR in ./src/App.js 9:0-44
Module not found: Error: Can't resolve './games/MovieBingo' in '/home/kavia/workspace/code-generation/kollywood-quizmaster-38829-639dbda0/kollywood_quizmaster/src'
 @ ./src/index.js 5:0-24 11:32-35

ERROR in ./src/App.js 10:0-50
Module not found: Error: Can't resolve './games/MovieTimeline' in '/home/kavia/workspace/code-generation/kollywood-quizmaster-38829-639dbda0/kollywood_quizmaster/src'
 @ ./src/index.js 5:0-24 11:32-35

ERROR in ./src/App.js 11:0-48
Module not found: Error: Can't resolve './games/SpinTheWheel' in '/home/kavia/workspace/code-generation/kollywood-quizmaster-38829-639dbda0/kollywood_quizmaster/src'
 @ ./src/index.js 5:0-24 11:32-35

ERROR in ./src/App.js 12:0-42
Module not found: Error: Can't resolve './games/CastCombo' in '/home/kavia/workspace/code-generation/kollywood-quizmaster-38829-639dbda0/kollywood_quizmaster/src'
 @ ./src/index.js 5:0-24 11:32-35

ERROR in ./src/App.js 13:0-57
Module not found: Error: Can't resolve './components/ResultsSummary' in '/home/kavia/workspace/code-generation/kollywood-quizmaster-38829-639dbda0/kollywood_quizmaster/src'
 @ ./src/index.js 5:0-24 11:32-35

ERROR in ./src/components/Navbar.js 2:0-53
Module not found: Error: Can't resolve 'react-router-dom' in '/home/kavia/workspace/code-generation/kollywood-quizmaster-38829-639dbda0/kollywood_quizmaster/src/components'
 @ ./src/App.js 4:0-41 25:33-39
 @ ./src/index.js 5:0-24 11:32-35

ERROR in ./src/components/Navbar.js 4:0-22
Module not found: Error: Can't resolve './Navbar.css' in '/home/kavia/workspace/code-generation/kollywood-quizmaster-38829-639dbda0/kollywood_quizmaster/src/components'
 @ ./src/App.js 4:0-41 25:33-39
 @ ./src/index.js 5:0-24 11:32-35

12 errors have detailed information that is not shown.
Use 'stats.errorDetails: true' resp. '--stats-error-details' to show it.

webpack 5.99.9 compiled with 12 errors in 55 ms
assets by status 1.92 KiB [cached] 1 asset
assets by path *.js 1.43 MiB
  asset bundle.js 1.41 MiB [emitted] (name: main)
  asset main.c9b4a38dfede885f0174.hot-update.js 18.1 KiB [emitted] [immutable] [hmr] (name: main)
asset main.c9b4a38dfede885f0174.hot-update.json 28 bytes [emitted] [immutable] [hmr]
Entrypoint main 1.43 MiB = bundle.js 1.41 MiB main.c9b4a38dfede885f0174.hot-update.js 18.1 KiB
cached modules 1.26 MiB [cached] 43 modules
runtime modules 27.5 KiB 14 modules
javascript modules 7.17 KiB
  ./src/App.js 5.38 KiB [code generated]
  ./src/components/Login.js 1.79 KiB [built] [code generated]

ERROR in ./src/App.js 2:0-84
Module not found: Error: Can't resolve 'react-router-dom' in '/home/kavia/workspace/code-generation/kollywood-quizmaster-38829-639dbda0/kollywood_quizmaster/src'
 @ ./src/index.js 5:0-24 11:32-35

ERROR in ./src/App.js 6:0-47
Module not found: Error: Can't resolve './components/Dashboard' in '/home/kavia/workspace/code-generation/kollywood-quizmaster-38829-639dbda0/kollywood_quizmaster/src'
 @ ./src/index.js 5:0-24 11:32-35

ERROR in ./src/App.js 7:0-58
Module not found: Error: Can't resolve './games/BlurredPosterQuiz' in '/home/kavia/workspace/code-generation/kollywood-quizmaster-38829-639dbda0/kollywood_quizmaster/src'
 @ ./src/index.js 5:0-24 11:32-35

ERROR in ./src/App.js 8:0-62
Module not found: Error: Can't resolve './games/CharacterMovieMatch' in '/home/kavia/workspace/code-generation/kollywood-quizmaster-38829-639dbda0/kollywood_quizmaster/src'
 @ ./src/index.js 5:0-24 11:32-35

ERROR in ./src/App.js 9:0-44
Module not found: Error: Can't resolve './games/MovieBingo' in '/home/kavia/workspace/code-generation/kollywood-quizmaster-38829-639dbda0/kollywood_quizmaster/src'
 @ ./src/index.js 5:0-24 11:32-35

ERROR in ./src/App.js 10:0-50
Module not found: Error: Can't resolve './games/MovieTimeline' in '/home/kavia/workspace/code-generation/kollywood-quizmaster-38829-639dbda0/kollywood_quizmaster/src'
 @ ./src/index.js 5:0-24 11:32-35

ERROR in ./src/App.js 11:0-48
Module not found: Error: Can't resolve './games/SpinTheWheel' in '/home/kavia/workspace/code-generation/kollywood-quizmaster-38829-639dbda0/kollywood_quizmaster/src'
 @ ./src/index.js 5:0-24 11:32-35

ERROR in ./src/App.js 12:0-42
Module not found: Error: Can't resolve './games/CastCombo' in '/home/kavia/workspace/code-generation/kollywood-quizmaster-38829-639dbda0/kollywood_quizmaster/src'
 @ ./src/index.js 5:0-24 11:32-35

ERROR in ./src/App.js 13:0-57
Module not found: Error: Can't resolve './components/ResultsSummary' in '/home/kavia/workspace/code-generation/kollywood-quizmaster-38829-639dbda0/kollywood_quizmaster/src'
 @ ./src/index.js 5:0-24 11:32-35

ERROR in ./src/components/Login.js 3:0-21
Module not found: Error: Can't resolve './Login.css' in '/home/kavia/workspace/code-generation/kollywood-quizmaster-38829-639dbda0/kollywood_quizmaster/src/components'
 @ ./src/App.js 5:0-39 48:35-40
 @ ./src/index.js 5:0-24 11:32-35

ERROR in ./src/components/Navbar.js 2:0-53
Module not found: Error: Can't resolve 'react-router-dom' in '/home/kavia/workspace/code-generation/kollywood-quizmaster-38829-639dbda0/kollywood_quizmaster/src/components'
 @ ./src/App.js 4:0-41 25:33-39
 @ ./src/index.js 5:0-24 11:32-35

ERROR in ./src/components/Navbar.js 4:0-22
Module not found: Error: Can't resolve './Navbar.css' in '/home/kavia/workspace/code-generation/kollywood-quizmaster-38829-639dbda0/kollywood_quizmaster/src/components'
 @ ./src/App.js 4:0-41 25:33-39
 @ ./src/index.js 5:0-24 11:32-35

12 errors have detailed information that is not shown.
Use 'stats.errorDetails: true' resp. '--stats-error-details' to show it.

webpack 5.99.9 compiled with 12 errors in 61 ms
assets by status 1.92 KiB [cached] 1 asset
assets by path *.js 1.43 MiB
  asset bundle.js 1.42 MiB [emitted] (name: main)
  asset main.1b72b5b6bf5d834f9874.hot-update.js 19.6 KiB [emitted] [immutable] [hmr] (name: main)
asset main.1b72b5b6bf5d834f9874.hot-update.json 28 bytes [emitted] [immutable] [hmr]
Entrypoint main 1.43 MiB = bundle.js 1.42 MiB main.1b72b5b6bf5d834f9874.hot-update.js 19.6 KiB
cached modules 1.27 MiB [cached] 44 modules
runtime modules 27.5 KiB 14 modules
javascript modules 8.44 KiB
  ./src/App.js 5.38 KiB [code generated]
  ./src/components/Dashboard.js 3.06 KiB [built] [code generated]

ERROR in ./src/App.js 2:0-84
Module not found: Error: Can't resolve 'react-router-dom' in '/home/kavia/workspace/code-generation/kollywood-quizmaster-38829-639dbda0/kollywood_quizmaster/src'
 @ ./src/index.js 5:0-24 11:32-35

ERROR in ./src/App.js 7:0-58
Module not found: Error: Can't resolve './games/BlurredPosterQuiz' in '/home/kavia/workspace/code-generation/kollywood-quizmaster-38829-639dbda0/kollywood_quizmaster/src'
 @ ./src/index.js 5:0-24 11:32-35

ERROR in ./src/App.js 8:0-62
Module not found: Error: Can't resolve './games/CharacterMovieMatch' in '/home/kavia/workspace/code-generation/kollywood-quizmaster-38829-639dbda0/kollywood_quizmaster/src'
 @ ./src/index.js 5:0-24 11:32-35

ERROR in ./src/App.js 9:0-44
Module not found: Error: Can't resolve './games/MovieBingo' in '/home/kavia/workspace/code-generation/kollywood-quizmaster-38829-639dbda0/kollywood_quizmaster/src'
 @ ./src/index.js 5:0-24 11:32-35

ERROR in ./src/App.js 10:0-50
Module not found: Error: Can't resolve './games/MovieTimeline' in '/home/kavia/workspace/code-generation/kollywood-quizmaster-38829-639dbda0/kollywood_quizmaster/src'
 @ ./src/index.js 5:0-24 11:32-35

ERROR in ./src/App.js 11:0-48
Module not found: Error: Can't resolve './games/SpinTheWheel' in '/home/kavia/workspace/code-generation/kollywood-quizmaster-38829-639dbda0/kollywood_quizmaster/src'
 @ ./src/index.js 5:0-24 11:32-35

ERROR in ./src/App.js 12:0-42
Module not found: Error: Can't resolve './games/CastCombo' in '/home/kavia/workspace/code-generation/kollywood-quizmaster-38829-639dbda0/kollywood_quizmaster/src'
 @ ./src/index.js 5:0-24 11:32-35

ERROR in ./src/App.js 13:0-57
Module not found: Error: Can't resolve './components/ResultsSummary' in '/home/kavia/workspace/code-generation/kollywood-quizmaster-38829-639dbda0/kollywood_quizmaster/src'
 @ ./src/index.js 5:0-24 11:32-35

ERROR in ./src/components/Dashboard.js 2:0-47
Module not found: Error: Can't resolve 'react-router-dom' in '/home/kavia/workspace/code-generation/kollywood-quizmaster-38829-639dbda0/kollywood_quizmaster/src/components'
 @ ./src/App.js 6:0-47 36:46-55
 @ ./src/index.js 5:0-24 11:32-35

ERROR in ./src/components/Dashboard.js 3:0-25
Module not found: Error: Can't resolve './Dashboard.css' in '/home/kavia/workspace/code-generation/kollywood-quizmaster-38829-639dbda0/kollywood_quizmaster/src/components'
 @ ./src/App.js 6:0-47 36:46-55
 @ ./src/index.js 5:0-24 11:32-35

ERROR in ./src/components/Login.js 3:0-21
Module not found: Error: Can't resolve './Login.css' in '/home/kavia/workspace/code-generation/kollywood-quizmaster-38829-639dbda0/kollywood_quizmaster/src/components'
 @ ./src/App.js 5:0-39 48:35-40
 @ ./src/index.js 5:0-24 11:32-35

ERROR in ./src/components/Navbar.js 2:0-53
Module not found: Error: Can't resolve 'react-router-dom' in '/home/kavia/workspace/code-generation/kollywood-quizmaster-38829-639dbda0/kollywood_quizmaster/src/components'
 @ ./src/App.js 4:0-41 25:33-39
 @ ./src/index.js 5:0-24 11:32-35

ERROR in ./src/components/Navbar.js 4:0-22
Module not found: Error: Can't resolve './Navbar.css' in '/home/kavia/workspace/code-generation/kollywood-quizmaster-38829-639dbda0/kollywood_quizmaster/src/components'
 @ ./src/App.js 4:0-41 25:33-39
 @ ./src/index.js 5:0-24 11:32-35

13 errors have detailed information that is not shown.
Use 'stats.errorDetails: true' resp. '--stats-error-details' to show it.

webpack 5.99.9 compiled with 13 errors in 66 ms
assets by status 1.92 KiB [cached] 1 asset
assets by path *.js 1.44 MiB
  asset bundle.js 1.42 MiB [emitted] (name: main)
  asset main.448e9b04fa6d12238a3d.hot-update.js 19 KiB [emitted] [immutable] [hmr] (name: main)
asset main.448e9b04fa6d12238a3d.hot-update.json 28 bytes [emitted] [immutable] [hmr]
Entrypoint main 1.44 MiB = bundle.js 1.42 MiB main.448e9b04fa6d12238a3d.hot-update.js 19 KiB
cached modules 1.27 MiB [cached] 45 modules
runtime modules 27.5 KiB 14 modules
javascript modules 7.89 KiB
  ./src/App.js 5.38 KiB [code generated]
  ./src/components/ResultsSummary.js 2.5 KiB [built] [code generated]

ERROR in ./src/App.js 2:0-84
Module not found: Error: Can't resolve 'react-router-dom' in '/home/kavia/workspace/code-generation/kollywood-quizmaster-38829-639dbda0/kollywood_quizmaster/src'
 @ ./src/index.js 5:0-24 11:32-35

ERROR in ./src/App.js 7:0-58
Module not found: Error: Can't resolve './games/BlurredPosterQuiz' in '/home/kavia/workspace/code-generation/kollywood-quizmaster-38829-639dbda0/kollywood_quizmaster/src'
 @ ./src/index.js 5:0-24 11:32-35

ERROR in ./src/App.js 8:0-62
Module not found: Error: Can't resolve './games/CharacterMovieMatch' in '/home/kavia/workspace/code-generation/kollywood-quizmaster-38829-639dbda0/kollywood_quizmaster/src'
 @ ./src/index.js 5:0-24 11:32-35

ERROR in ./src/App.js 9:0-44
Module not found: Error: Can't resolve './games/MovieBingo' in '/home/kavia/workspace/code-generation/kollywood-quizmaster-38829-639dbda0/kollywood_quizmaster/src'
 @ ./src/index.js 5:0-24 11:32-35

ERROR in ./src/App.js 10:0-50
Module not found: Error: Can't resolve './games/MovieTimeline' in '/home/kavia/workspace/code-generation/kollywood-quizmaster-38829-639dbda0/kollywood_quizmaster/src'
 @ ./src/index.js 5:0-24 11:32-35

ERROR in ./src/App.js 11:0-48
Module not found: Error: Can't resolve './games/SpinTheWheel' in '/home/kavia/workspace/code-generation/kollywood-quizmaster-38829-639dbda0/kollywood_quizmaster/src'
 @ ./src/index.js 5:0-24 11:32-35

ERROR in ./src/App.js 12:0-42
Module not found: Error: Can't resolve './games/CastCombo' in '/home/kavia/workspace/code-generation/kollywood-quizmaster-38829-639dbda0/kollywood_quizmaster/src'
 @ ./src/index.js 5:0-24 11:32-35

ERROR in ./src/components/Dashboard.js 2:0-47
Module not found: Error: Can't resolve 'react-router-dom' in '/home/kavia/workspace/code-generation/kollywood-quizmaster-38829-639dbda0/kollywood_quizmaster/src/components'
 @ ./src/App.js 6:0-47 36:46-55
 @ ./src/index.js 5:0-24 11:32-35

ERROR in ./src/components/Dashboard.js 3:0-25
Module not found: Error: Can't resolve './Dashboard.css' in '/home/kavia/workspace/code-generation/kollywood-quizmaster-38829-639dbda0/kollywood_quizmaster/src/components'
 @ ./src/App.js 6:0-47 36:46-55
 @ ./src/index.js 5:0-24 11:32-35

ERROR in ./src/components/Login.js 3:0-21
Module not found: Error: Can't resolve './Login.css' in '/home/kavia/workspace/code-generation/kollywood-quizmaster-38829-639dbda0/kollywood_quizmaster/src/components'
 @ ./src/App.js 5:0-39 48:35-40
 @ ./src/index.js 5:0-24 11:32-35

ERROR in ./src/components/Navbar.js 2:0-53
Module not found: Error: Can't resolve 'react-router-dom' in '/home/kavia/workspace/code-generation/kollywood-quizmaster-38829-639dbda0/kollywood_quizmaster/src/components'
 @ ./src/App.js 4:0-41 25:33-39
 @ ./src/index.js 5:0-24 11:32-35

ERROR in ./src/components/Navbar.js 4:0-22
Module not found: Error: Can't resolve './Navbar.css' in '/home/kavia/workspace/code-generation/kollywood-quizmaster-38829-639dbda0/kollywood_quizmaster/src/components'
 @ ./src/App.js 4:0-41 25:33-39
 @ ./src/index.js 5:0-24 11:32-35

ERROR in ./src/components/ResultsSummary.js 2:0-47
Module not found: Error: Can't resolve 'react-router-dom' in '/home/kavia/workspace/code-generation/kollywood-quizmaster-38829-639dbda0/kollywood_quizmaster/src/components'
 @ ./src/App.js 13:0-57 108:57-71
 @ ./src/index.js 5:0-24 11:32-35

13 errors have detailed information that is not shown.
Use 'stats.errorDetails: true' resp. '--stats-error-details' to show it.

webpack 5.99.9 compiled with 13 errors in 58 ms
assets by status 1.92 KiB [cached] 1 asset
assets by path *.js 1.47 MiB
  asset bundle.js 1.44 MiB [emitted] (name: main)
  asset main.8e107eb562be3009f896.hot-update.js 34.2 KiB [emitted] [immutable] [hmr] (name: main)
asset main.8e107eb562be3009f896.hot-update.json 28 bytes [emitted] [immutable] [hmr]
Entrypoint main 1.47 MiB = bundle.js 1.44 MiB main.8e107eb562be3009f896.hot-update.js 34.2 KiB
cached modules 1.27 MiB [cached] 46 modules
runtime modules 27.5 KiB 14 modules
javascript modules 19.2 KiB
  modules by path ./src/*.js 10 KiB
    ./src/App.js 5.38 KiB [code generated]
    ./src/tmdbApi.js 4.66 KiB [built] [code generated]
  ./src/games/BlurredPosterQuiz.js 6.95 KiB [built] [code generated]
  ./src/components/Shared.js 2.21 KiB [built] [code generated]

ERROR in ./src/App.js 2:0-84
Module not found: Error: Can't resolve 'react-router-dom' in '/home/kavia/workspace/code-generation/kollywood-quizmaster-38829-639dbda0/kollywood_quizmaster/src'
 @ ./src/index.js 5:0-24 11:32-35

ERROR in ./src/App.js 8:0-62
Module not found: Error: Can't resolve './games/CharacterMovieMatch' in '/home/kavia/workspace/code-generation/kollywood-quizmaster-38829-639dbda0/kollywood_quizmaster/src'
 @ ./src/index.js 5:0-24 11:32-35

ERROR in ./src/App.js 9:0-44
Module not found: Error: Can't resolve './games/MovieBingo' in '/home/kavia/workspace/code-generation/kollywood-quizmaster-38829-639dbda0/kollywood_quizmaster/src'
 @ ./src/index.js 5:0-24 11:32-35

ERROR in ./src/App.js 10:0-50
Module not found: Error: Can't resolve './games/MovieTimeline' in '/home/kavia/workspace/code-generation/kollywood-quizmaster-38829-639dbda0/kollywood_quizmaster/src'
 @ ./src/index.js 5:0-24 11:32-35

ERROR in ./src/App.js 11:0-48
Module not found: Error: Can't resolve './games/SpinTheWheel' in '/home/kavia/workspace/code-generation/kollywood-quizmaster-38829-639dbda0/kollywood_quizmaster/src'
 @ ./src/index.js 5:0-24 11:32-35

ERROR in ./src/App.js 12:0-42
Module not found: Error: Can't resolve './games/CastCombo' in '/home/kavia/workspace/code-generation/kollywood-quizmaster-38829-639dbda0/kollywood_quizmaster/src'
 @ ./src/index.js 5:0-24 11:32-35

ERROR in ./src/components/Dashboard.js 2:0-47
Module not found: Error: Can't resolve 'react-router-dom' in '/home/kavia/workspace/code-generation/kollywood-quizmaster-38829-639dbda0/kollywood_quizmaster/src/components'
 @ ./src/App.js 6:0-47 36:46-55
 @ ./src/index.js 5:0-24 11:32-35

ERROR in ./src/components/Dashboard.js 3:0-25
Module not found: Error: Can't resolve './Dashboard.css' in '/home/kavia/workspace/code-generation/kollywood-quizmaster-38829-639dbda0/kollywood_quizmaster/src/components'
 @ ./src/App.js 6:0-47 36:46-55
 @ ./src/index.js 5:0-24 11:32-35

ERROR in ./src/components/Login.js 3:0-21
Module not found: Error: Can't resolve './Login.css' in '/home/kavia/workspace/code-generation/kollywood-quizmaster-38829-639dbda0/kollywood_quizmaster/src/components'
 @ ./src/App.js 5:0-39 48:35-40
 @ ./src/index.js 5:0-24 11:32-35

ERROR in ./src/components/Navbar.js 2:0-53
Module not found: Error: Can't resolve 'react-router-dom' in '/home/kavia/workspace/code-generation/kollywood-quizmaster-38829-639dbda0/kollywood_quizmaster/src/components'
 @ ./src/App.js 4:0-41 25:33-39
 @ ./src/index.js 5:0-24 11:32-35

ERROR in ./src/components/Navbar.js 4:0-22
Module not found: Error: Can't resolve './Navbar.css' in '/home/kavia/workspace/code-generation/kollywood-quizmaster-38829-639dbda0/kollywood_quizmaster/src/components'
 @ ./src/App.js 4:0-41 25:33-39
 @ ./src/index.js 5:0-24 11:32-35

ERROR in ./src/components/ResultsSummary.js 2:0-47
Module not found: Error: Can't resolve 'react-router-dom' in '/home/kavia/workspace/code-generation/kollywood-quizmaster-38829-639dbda0/kollywood_quizmaster/src/components'
 @ ./src/App.js 13:0-57 108:57-71
 @ ./src/index.js 5:0-24 11:32-35

ERROR in ./src/components/Shared.js 2:0-22
Module not found: Error: Can't resolve './Shared.css' in '/home/kavia/workspace/code-generation/kollywood-quizmaster-38829-639dbda0/kollywood_quizmaster/src/components'
 @ ./src/games/BlurredPosterQuiz.js 4:0-87 145:26-37 157:50-54 193:40-54 212:30-42
 @ ./src/App.js 7:0-58 54:46-63
 @ ./src/index.js 5:0-24 11:32-35

ERROR in ./src/games/BlurredPosterQuiz.js 5:0-47
Module not found: Error: Can't resolve 'react-router-dom' in '/home/kavia/workspace/code-generation/kollywood-quizmaster-38829-639dbda0/kollywood_quizmaster/src/games'
 @ ./src/App.js 7:0-58 54:46-63
 @ ./src/index.js 5:0-24 11:32-35

14 errors have detailed information that is not shown.
Use 'stats.errorDetails: true' resp. '--stats-error-details' to show it.

webpack 5.99.9 compiled with 14 errors in 130 ms
assets by status 1.92 KiB [cached] 1 asset
assets by path *.js 1.47 MiB
  asset bundle.js 1.45 MiB [emitted] (name: main)
  asset main.bf362d2d23c9f858cf5f.hot-update.js 25.2 KiB [emitted] [immutable] [hmr] (name: main)
asset main.bf362d2d23c9f858cf5f.hot-update.json 28 bytes [emitted] [immutable] [hmr]
Entrypoint main 1.47 MiB = bundle.js 1.45 MiB main.bf362d2d23c9f858cf5f.hot-update.js 25.2 KiB
cached modules 1.29 MiB [cached] 49 modules
runtime modules 27.5 KiB 14 modules
javascript modules 13 KiB
  ./src/App.js 5.38 KiB [code generated]
  ./src/games/CharacterMovieMatch.js 7.65 KiB [built] [code generated]

ERROR in ./src/App.js 2:0-84
Module not found: Error: Can't resolve 'react-router-dom' in '/home/kavia/workspace/code-generation/kollywood-quizmaster-38829-639dbda0/kollywood_quizmaster/src'
 @ ./src/index.js 5:0-24 11:32-35

ERROR in ./src/App.js 9:0-44
Module not found: Error: Can't resolve './games/MovieBingo' in '/home/kavia/workspace/code-generation/kollywood-quizmaster-38829-639dbda0/kollywood_quizmaster/src'
 @ ./src/index.js 5:0-24 11:32-35

ERROR in ./src/App.js 10:0-50
Module not found: Error: Can't resolve './games/MovieTimeline' in '/home/kavia/workspace/code-generation/kollywood-quizmaster-38829-639dbda0/kollywood_quizmaster/src'
 @ ./src/index.js 5:0-24 11:32-35

ERROR in ./src/App.js 11:0-48
Module not found: Error: Can't resolve './games/SpinTheWheel' in '/home/kavia/workspace/code-generation/kollywood-quizmaster-38829-639dbda0/kollywood_quizmaster/src'
 @ ./src/index.js 5:0-24 11:32-35

ERROR in ./src/App.js 12:0-42
Module not found: Error: Can't resolve './games/CastCombo' in '/home/kavia/workspace/code-generation/kollywood-quizmaster-38829-639dbda0/kollywood_quizmaster/src'
 @ ./src/index.js 5:0-24 11:32-35

ERROR in ./src/components/Dashboard.js 2:0-47
Module not found: Error: Can't resolve 'react-router-dom' in '/home/kavia/workspace/code-generation/kollywood-quizmaster-38829-639dbda0/kollywood_quizmaster/src/components'
 @ ./src/App.js 6:0-47 36:46-55
 @ ./src/index.js 5:0-24 11:32-35

ERROR in ./src/components/Dashboard.js 3:0-25
Module not found: Error: Can't resolve './Dashboard.css' in '/home/kavia/workspace/code-generation/kollywood-quizmaster-38829-639dbda0/kollywood_quizmaster/src/components'
 @ ./src/App.js 6:0-47 36:46-55
 @ ./src/index.js 5:0-24 11:32-35

ERROR in ./src/components/Login.js 3:0-21
Module not found: Error: Can't resolve './Login.css' in '/home/kavia/workspace/code-generation/kollywood-quizmaster-38829-639dbda0/kollywood_quizmaster/src/components'
 @ ./src/App.js 5:0-39 48:35-40
 @ ./src/index.js 5:0-24 11:32-35

ERROR in ./src/components/Navbar.js 2:0-53
Module not found: Error: Can't resolve 'react-router-dom' in '/home/kavia/workspace/code-generation/kollywood-quizmaster-38829-639dbda0/kollywood_quizmaster/src/components'
 @ ./src/App.js 4:0-41 25:33-39
 @ ./src/index.js 5:0-24 11:32-35

ERROR in ./src/components/Navbar.js 4:0-22
Module not found: Error: Can't resolve './Navbar.css' in '/home/kavia/workspace/code-generation/kollywood-quizmaster-38829-639dbda0/kollywood_quizmaster/src/components'
 @ ./src/App.js 4:0-41 25:33-39
 @ ./src/index.js 5:0-24 11:32-35

ERROR in ./src/components/ResultsSummary.js 2:0-47
Module not found: Error: Can't resolve 'react-router-dom' in '/home/kavia/workspace/code-generation/kollywood-quizmaster-38829-639dbda0/kollywood_quizmaster/src/components'
 @ ./src/App.js 13:0-57 108:57-71
 @ ./src/index.js 5:0-24 11:32-35

ERROR in ./src/components/Shared.js 2:0-22
Module not found: Error: Can't resolve './Shared.css' in '/home/kavia/workspace/code-generation/kollywood-quizmaster-38829-639dbda0/kollywood_quizmaster/src/components'
 @ ./src/games/BlurredPosterQuiz.js 4:0-87 145:26-37 157:50-54 193:40-54 212:30-42
 @ ./src/App.js 7:0-58 54:46-63
 @ ./src/index.js 5:0-24 11:32-35

ERROR in ./src/games/BlurredPosterQuiz.js 5:0-47
Module not found: Error: Can't resolve 'react-router-dom' in '/home/kavia/workspace/code-generation/kollywood-quizmaster-38829-639dbda0/kollywood_quizmaster/src/games'
 @ ./src/App.js 7:0-58 54:46-63
 @ ./src/index.js 5:0-24 11:32-35

ERROR in ./src/games/CharacterMovieMatch.js 5:0-47
Module not found: Error: Can't resolve 'react-router-dom' in '/home/kavia/workspace/code-generation/kollywood-quizmaster-38829-639dbda0/kollywood_quizmaster/src/games'
 @ ./src/App.js 8:0-62 63:46-65
 @ ./src/index.js 5:0-24 11:32-35

14 errors have detailed information that is not shown.
Use 'stats.errorDetails: true' resp. '--stats-error-details' to show it.

webpack 5.99.9 compiled with 14 errors in 91 ms
assets by status 1.92 KiB [cached] 1 asset
assets by path *.js 1.48 MiB
  asset bundle.js 1.46 MiB [emitted] (name: main)
  asset main.f4781b0a3ee700b7982f.hot-update.js 21.5 KiB [emitted] [immutable] [hmr] (name: main)
asset main.f4781b0a3ee700b7982f.hot-update.json 28 bytes [emitted] [immutable] [hmr]
Entrypoint main 1.48 MiB = bundle.js 1.46 MiB main.f4781b0a3ee700b7982f.hot-update.js 21.5 KiB
cached modules 1.29 MiB [cached] 50 modules
runtime modules 27.5 KiB 14 modules
javascript modules 10.1 KiB
  ./src/App.js 5.38 KiB [code generated]
  ./src/games/MovieBingo.js 4.75 KiB [built] [code generated]

ERROR in ./src/App.js 2:0-84
Module not found: Error: Can't resolve 'react-router-dom' in '/home/kavia/workspace/code-generation/kollywood-quizmaster-38829-639dbda0/kollywood_quizmaster/src'
 @ ./src/index.js 5:0-24 11:32-35

ERROR in ./src/App.js 10:0-50
Module not found: Error: Can't resolve './games/MovieTimeline' in '/home/kavia/workspace/code-generation/kollywood-quizmaster-38829-639dbda0/kollywood_quizmaster/src'
 @ ./src/index.js 5:0-24 11:32-35

ERROR in ./src/App.js 11:0-48
Module not found: Error: Can't resolve './games/SpinTheWheel' in '/home/kavia/workspace/code-generation/kollywood-quizmaster-38829-639dbda0/kollywood_quizmaster/src'
 @ ./src/index.js 5:0-24 11:32-35

ERROR in ./src/App.js 12:0-42
Module not found: Error: Can't resolve './games/CastCombo' in '/home/kavia/workspace/code-generation/kollywood-quizmaster-38829-639dbda0/kollywood_quizmaster/src'
 @ ./src/index.js 5:0-24 11:32-35

ERROR in ./src/components/Dashboard.js 2:0-47
Module not found: Error: Can't resolve 'react-router-dom' in '/home/kavia/workspace/code-generation/kollywood-quizmaster-38829-639dbda0/kollywood_quizmaster/src/components'
 @ ./src/App.js 6:0-47 36:46-55
 @ ./src/index.js 5:0-24 11:32-35

ERROR in ./src/components/Dashboard.js 3:0-25
Module not found: Error: Can't resolve './Dashboard.css' in '/home/kavia/workspace/code-generation/kollywood-quizmaster-38829-639dbda0/kollywood_quizmaster/src/components'
 @ ./src/App.js 6:0-47 36:46-55
 @ ./src/index.js 5:0-24 11:32-35

ERROR in ./src/components/Login.js 3:0-21
Module not found: Error: Can't resolve './Login.css' in '/home/kavia/workspace/code-generation/kollywood-quizmaster-38829-639dbda0/kollywood_quizmaster/src/components'
 @ ./src/App.js 5:0-39 48:35-40
 @ ./src/index.js 5:0-24 11:32-35

ERROR in ./src/components/Navbar.js 2:0-53
Module not found: Error: Can't resolve 'react-router-dom' in '/home/kavia/workspace/code-generation/kollywood-quizmaster-38829-639dbda0/kollywood_quizmaster/src/components'
 @ ./src/App.js 4:0-41 25:33-39
 @ ./src/index.js 5:0-24 11:32-35

ERROR in ./src/components/Navbar.js 4:0-22
Module not found: Error: Can't resolve './Navbar.css' in '/home/kavia/workspace/code-generation/kollywood-quizmaster-38829-639dbda0/kollywood_quizmaster/src/components'
 @ ./src/App.js 4:0-41 25:33-39
 @ ./src/index.js 5:0-24 11:32-35

ERROR in ./src/components/ResultsSummary.js 2:0-47
Module not found: Error: Can't resolve 'react-router-dom' in '/home/kavia/workspace/code-generation/kollywood-quizmaster-38829-639dbda0/kollywood_quizmaster/src/components'
 @ ./src/App.js 13:0-57 108:57-71
 @ ./src/index.js 5:0-24 11:32-35

ERROR in ./src/components/Shared.js 2:0-22
Module not found: Error: Can't resolve './Shared.css' in '/home/kavia/workspace/code-generation/kollywood-quizmaster-38829-639dbda0/kollywood_quizmaster/src/components'
 @ ./src/games/BlurredPosterQuiz.js 4:0-87 145:26-37 157:50-54 193:40-54 212:30-42
 @ ./src/App.js 7:0-58 54:46-63
 @ ./src/index.js 5:0-24 11:32-35

ERROR in ./src/games/BlurredPosterQuiz.js 5:0-47
Module not found: Error: Can't resolve 'react-router-dom' in '/home/kavia/workspace/code-generation/kollywood-quizmaster-38829-639dbda0/kollywood_quizmaster/src/games'
 @ ./src/App.js 7:0-58 54:46-63
 @ ./src/index.js 5:0-24 11:32-35

ERROR in ./src/games/CharacterMovieMatch.js 5:0-47
Module not found: Error: Can't resolve 'react-router-dom' in '/home/kavia/workspace/code-generation/kollywood-quizmaster-38829-639dbda0/kollywood_quizmaster/src/games'
 @ ./src/App.js 8:0-62 63:46-65
 @ ./src/index.js 5:0-24 11:32-35

ERROR in ./src/games/MovieBingo.js 4:0-47
Module not found: Error: Can't resolve 'react-router-dom' in '/home/kavia/workspace/code-generation/kollywood-quizmaster-38829-639dbda0/kollywood_quizmaster/src/games'
 @ ./src/App.js 9:0-44 72:46-56
 @ ./src/index.js 5:0-24 11:32-35

14 errors have detailed information that is not shown.
Use 'stats.errorDetails: true' resp. '--stats-error-details' to show it.

webpack 5.99.9 compiled with 14 errors in 68 ms
assets by status 1.92 KiB [cached] 1 asset
assets by path *.js 1.49 MiB
  asset bundle.js 1.46 MiB [emitted] (name: main)
  asset main.69b255fb0907719fb675.hot-update.js 22.6 KiB [emitted] [immutable] [hmr] (name: main)
asset main.69b255fb0907719fb675.hot-update.json 28 bytes [emitted] [immutable] [hmr]
Entrypoint main 1.49 MiB = bundle.js 1.46 MiB main.69b255fb0907719fb675.hot-update.js 22.6 KiB
cached modules 1.3 MiB [cached] 51 modules
runtime modules 27.5 KiB 14 modules
javascript modules 10.9 KiB
  ./src/App.js 5.38 KiB [code generated]
  ./src/games/MovieTimeline.js 5.54 KiB [built] [code generated]

ERROR in ./src/App.js 2:0-84
Module not found: Error: Can't resolve 'react-router-dom' in '/home/kavia/workspace/code-generation/kollywood-quizmaster-38829-639dbda0/kollywood_quizmaster/src'
 @ ./src/index.js 5:0-24 11:32-35

ERROR in ./src/App.js 11:0-48
Module not found: Error: Can't resolve './games/SpinTheWheel' in '/home/kavia/workspace/code-generation/kollywood-quizmaster-38829-639dbda0/kollywood_quizmaster/src'
 @ ./src/index.js 5:0-24 11:32-35

ERROR in ./src/App.js 12:0-42
Module not found: Error: Can't resolve './games/CastCombo' in '/home/kavia/workspace/code-generation/kollywood-quizmaster-38829-639dbda0/kollywood_quizmaster/src'
 @ ./src/index.js 5:0-24 11:32-35

ERROR in ./src/components/Dashboard.js 2:0-47
Module not found: Error: Can't resolve 'react-router-dom' in '/home/kavia/workspace/code-generation/kollywood-quizmaster-38829-639dbda0/kollywood_quizmaster/src/components'
 @ ./src/App.js 6:0-47 36:46-55
 @ ./src/index.js 5:0-24 11:32-35

ERROR in ./src/components/Dashboard.js 3:0-25
Module not found: Error: Can't resolve './Dashboard.css' in '/home/kavia/workspace/code-generation/kollywood-quizmaster-38829-639dbda0/kollywood_quizmaster/src/components'
 @ ./src/App.js 6:0-47 36:46-55
 @ ./src/index.js 5:0-24 11:32-35

ERROR in ./src/components/Login.js 3:0-21
Module not found: Error: Can't resolve './Login.css' in '/home/kavia/workspace/code-generation/kollywood-quizmaster-38829-639dbda0/kollywood_quizmaster/src/components'
 @ ./src/App.js 5:0-39 48:35-40
 @ ./src/index.js 5:0-24 11:32-35

ERROR in ./src/components/Navbar.js 2:0-53
Module not found: Error: Can't resolve 'react-router-dom' in '/home/kavia/workspace/code-generation/kollywood-quizmaster-38829-639dbda0/kollywood_quizmaster/src/components'
 @ ./src/App.js 4:0-41 25:33-39
 @ ./src/index.js 5:0-24 11:32-35

ERROR in ./src/components/Navbar.js 4:0-22
Module not found: Error: Can't resolve './Navbar.css' in '/home/kavia/workspace/code-generation/kollywood-quizmaster-38829-639dbda0/kollywood_quizmaster/src/components'
 @ ./src/App.js 4:0-41 25:33-39
 @ ./src/index.js 5:0-24 11:32-35

ERROR in ./src/components/ResultsSummary.js 2:0-47
Module not found: Error: Can't resolve 'react-router-dom' in '/home/kavia/workspace/code-generation/kollywood-quizmaster-38829-639dbda0/kollywood_quizmaster/src/components'
 @ ./src/App.js 13:0-57 108:57-71
 @ ./src/index.js 5:0-24 11:32-35

ERROR in ./src/components/Shared.js 2:0-22
Module not found: Error: Can't resolve './Shared.css' in '/home/kavia/workspace/code-generation/kollywood-quizmaster-38829-639dbda0/kollywood_quizmaster/src/components'
 @ ./src/games/BlurredPosterQuiz.js 4:0-87 145:26-37 157:50-54 193:40-54 212:30-42
 @ ./src/App.js 7:0-58 54:46-63
 @ ./src/index.js 5:0-24 11:32-35

ERROR in ./src/games/BlurredPosterQuiz.js 5:0-47
Module not found: Error: Can't resolve 'react-router-dom' in '/home/kavia/workspace/code-generation/kollywood-quizmaster-38829-639dbda0/kollywood_quizmaster/src/games'
 @ ./src/App.js 7:0-58 54:46-63
 @ ./src/index.js 5:0-24 11:32-35

ERROR in ./src/games/CharacterMovieMatch.js 5:0-47
Module not found: Error: Can't resolve 'react-router-dom' in '/home/kavia/workspace/code-generation/kollywood-quizmaster-38829-639dbda0/kollywood_quizmaster/src/games'
 @ ./src/App.js 8:0-62 63:46-65
 @ ./src/index.js 5:0-24 11:32-35

ERROR in ./src/games/MovieBingo.js 4:0-47
Module not found: Error: Can't resolve 'react-router-dom' in '/home/kavia/workspace/code-generation/kollywood-quizmaster-38829-639dbda0/kollywood_quizmaster/src/games'
 @ ./src/App.js 9:0-44 72:46-56
 @ ./src/index.js 5:0-24 11:32-35

ERROR in ./src/games/MovieTimeline.js 5:0-47
Module not found: Error: Can't resolve 'react-router-dom' in '/home/kavia/workspace/code-generation/kollywood-quizmaster-38829-639dbda0/kollywood_quizmaster/src/games'
 @ ./src/App.js 10:0-50 81:46-59
 @ ./src/index.js 5:0-24 11:32-35

14 errors have detailed information that is not shown.
Use 'stats.errorDetails: true' resp. '--stats-error-details' to show it.

webpack 5.99.9 compiled with 14 errors in 76 ms
assets by status 1.92 KiB [cached] 1 asset
assets by path *.js 1.5 MiB
  asset bundle.js 1.48 MiB [emitted] (name: main)
  asset main.3511408d2015b3742999.hot-update.js 25.4 KiB [emitted] [immutable] [hmr] (name: main)
asset main.3511408d2015b3742999.hot-update.json 28 bytes [emitted] [immutable] [hmr]
Entrypoint main 1.5 MiB = bundle.js 1.48 MiB main.3511408d2015b3742999.hot-update.js 25.4 KiB
cached modules 1.3 MiB [cached] 52 modules
runtime modules 27.5 KiB 14 modules
javascript modules 13.1 KiB
  ./src/App.js 5.38 KiB [code generated]
  ./src/games/SpinTheWheel.js 7.76 KiB [built] [code generated]

ERROR in ./src/App.js 2:0-84
Module not found: Error: Can't resolve 'react-router-dom' in '/home/kavia/workspace/code-generation/kollywood-quizmaster-38829-639dbda0/kollywood_quizmaster/src'
 @ ./src/index.js 5:0-24 11:32-35

ERROR in ./src/App.js 12:0-42
Module not found: Error: Can't resolve './games/CastCombo' in '/home/kavia/workspace/code-generation/kollywood-quizmaster-38829-639dbda0/kollywood_quizmaster/src'
 @ ./src/index.js 5:0-24 11:32-35

ERROR in ./src/components/Dashboard.js 2:0-47
Module not found: Error: Can't resolve 'react-router-dom' in '/home/kavia/workspace/code-generation/kollywood-quizmaster-38829-639dbda0/kollywood_quizmaster/src/components'
 @ ./src/App.js 6:0-47 36:46-55
 @ ./src/index.js 5:0-24 11:32-35

ERROR in ./src/components/Dashboard.js 3:0-25
Module not found: Error: Can't resolve './Dashboard.css' in '/home/kavia/workspace/code-generation/kollywood-quizmaster-38829-639dbda0/kollywood_quizmaster/src/components'
 @ ./src/App.js 6:0-47 36:46-55
 @ ./src/index.js 5:0-24 11:32-35

ERROR in ./src/components/Login.js 3:0-21
Module not found: Error: Can't resolve './Login.css' in '/home/kavia/workspace/code-generation/kollywood-quizmaster-38829-639dbda0/kollywood_quizmaster/src/components'
 @ ./src/App.js 5:0-39 48:35-40
 @ ./src/index.js 5:0-24 11:32-35

ERROR in ./src/components/Navbar.js 2:0-53
Module not found: Error: Can't resolve 'react-router-dom' in '/home/kavia/workspace/code-generation/kollywood-quizmaster-38829-639dbda0/kollywood_quizmaster/src/components'
 @ ./src/App.js 4:0-41 25:33-39
 @ ./src/index.js 5:0-24 11:32-35

ERROR in ./src/components/Navbar.js 4:0-22
Module not found: Error: Can't resolve './Navbar.css' in '/home/kavia/workspace/code-generation/kollywood-quizmaster-38829-639dbda0/kollywood_quizmaster/src/components'
 @ ./src/App.js 4:0-41 25:33-39
 @ ./src/index.js 5:0-24 11:32-35

ERROR in ./src/components/ResultsSummary.js 2:0-47
Module not found: Error: Can't resolve 'react-router-dom' in '/home/kavia/workspace/code-generation/kollywood-quizmaster-38829-639dbda0/kollywood_quizmaster/src/components'
 @ ./src/App.js 13:0-57 108:57-71
 @ ./src/index.js 5:0-24 11:32-35

ERROR in ./src/components/Shared.js 2:0-22
Module not found: Error: Can't resolve './Shared.css' in '/home/kavia/workspace/code-generation/kollywood-quizmaster-38829-639dbda0/kollywood_quizmaster/src/components'
 @ ./src/games/BlurredPosterQuiz.js 4:0-87 145:26-37 157:50-54 193:40-54 212:30-42
 @ ./src/App.js 7:0-58 54:46-63
 @ ./src/index.js 5:0-24 11:32-35

ERROR in ./src/games/BlurredPosterQuiz.js 5:0-47
Module not found: Error: Can't resolve 'react-router-dom' in '/home/kavia/workspace/code-generation/kollywood-quizmaster-38829-639dbda0/kollywood_quizmaster/src/games'
 @ ./src/App.js 7:0-58 54:46-63
 @ ./src/index.js 5:0-24 11:32-35

ERROR in ./src/games/CharacterMovieMatch.js 5:0-47
Module not found: Error: Can't resolve 'react-router-dom' in '/home/kavia/workspace/code-generation/kollywood-quizmaster-38829-639dbda0/kollywood_quizmaster/src/games'
 @ ./src/App.js 8:0-62 63:46-65
 @ ./src/index.js 5:0-24 11:32-35

ERROR in ./src/games/MovieBingo.js 4:0-47
Module not found: Error: Can't resolve 'react-router-dom' in '/home/kavia/workspace/code-generation/kollywood-quizmaster-38829-639dbda0/kollywood_quizmaster/src/games'
 @ ./src/App.js 9:0-44 72:46-56
 @ ./src/index.js 5:0-24 11:32-35

ERROR in ./src/games/MovieTimeline.js 5:0-47
Module not found: Error: Can't resolve 'react-router-dom' in '/home/kavia/workspace/code-generation/kollywood-quizmaster-38829-639dbda0/kollywood_quizmaster/src/games'
 @ ./src/App.js 10:0-50 81:46-59
 @ ./src/index.js 5:0-24 11:32-35

ERROR in ./src/games/SpinTheWheel.js 5:0-47
Module not found: Error: Can't resolve 'react-router-dom' in '/home/kavia/workspace/code-generation/kollywood-quizmaster-38829-639dbda0/kollywood_quizmaster/src/games'
 @ ./src/App.js 11:0-48 90:46-58
 @ ./src/index.js 5:0-24 11:32-35

14 errors have detailed information that is not shown.
Use 'stats.errorDetails: true' resp. '--stats-error-details' to show it.

webpack 5.99.9 compiled with 14 errors in 86 ms
assets by status 1.92 KiB [cached] 1 asset
assets by path *.js 1.51 MiB
  asset bundle.js 1.49 MiB [emitted] (name: main)
  asset main.31c53e41081ebb409c53.hot-update.js 24.4 KiB [emitted] [immutable] [hmr] (name: main)
asset main.31c53e41081ebb409c53.hot-update.json 28 bytes [emitted] [immutable] [hmr]
Entrypoint main 1.51 MiB = bundle.js 1.49 MiB main.31c53e41081ebb409c53.hot-update.js 24.4 KiB
cached modules 1.31 MiB [cached] 53 modules
runtime modules 27.5 KiB 14 modules
javascript modules 12.6 KiB
  ./src/App.js 5.38 KiB [code generated]
  ./src/games/CastCombo.js 7.21 KiB [built] [code generated]

ERROR in ./src/App.js 2:0-84
Module not found: Error: Can't resolve 'react-router-dom' in '/home/kavia/workspace/code-generation/kollywood-quizmaster-38829-639dbda0/kollywood_quizmaster/src'
 @ ./src/index.js 5:0-24 11:32-35

ERROR in ./src/components/Dashboard.js 2:0-47
Module not found: Error: Can't resolve 'react-router-dom' in '/home/kavia/workspace/code-generation/kollywood-quizmaster-38829-639dbda0/kollywood_quizmaster/src/components'
 @ ./src/App.js 6:0-47 36:46-55
 @ ./src/index.js 5:0-24 11:32-35

ERROR in ./src/components/Dashboard.js 3:0-25
Module not found: Error: Can't resolve './Dashboard.css' in '/home/kavia/workspace/code-generation/kollywood-quizmaster-38829-639dbda0/kollywood_quizmaster/src/components'
 @ ./src/App.js 6:0-47 36:46-55
 @ ./src/index.js 5:0-24 11:32-35

ERROR in ./src/components/Login.js 3:0-21
Module not found: Error: Can't resolve './Login.css' in '/home/kavia/workspace/code-generation/kollywood-quizmaster-38829-639dbda0/kollywood_quizmaster/src/components'
 @ ./src/App.js 5:0-39 48:35-40
 @ ./src/index.js 5:0-24 11:32-35

ERROR in ./src/components/Navbar.js 2:0-53
Module not found: Error: Can't resolve 'react-router-dom' in '/home/kavia/workspace/code-generation/kollywood-quizmaster-38829-639dbda0/kollywood_quizmaster/src/components'
 @ ./src/App.js 4:0-41 25:33-39
 @ ./src/index.js 5:0-24 11:32-35

ERROR in ./src/components/Navbar.js 4:0-22
Module not found: Error: Can't resolve './Navbar.css' in '/home/kavia/workspace/code-generation/kollywood-quizmaster-38829-639dbda0/kollywood_quizmaster/src/components'
 @ ./src/App.js 4:0-41 25:33-39
 @ ./src/index.js 5:0-24 11:32-35

ERROR in ./src/components/ResultsSummary.js 2:0-47
Module not found: Error: Can't resolve 'react-router-dom' in '/home/kavia/workspace/code-generation/kollywood-quizmaster-38829-639dbda0/kollywood_quizmaster/src/components'
 @ ./src/App.js 13:0-57 108:57-71
 @ ./src/index.js 5:0-24 11:32-35

ERROR in ./src/components/Shared.js 2:0-22
Module not found: Error: Can't resolve './Shared.css' in '/home/kavia/workspace/code-generation/kollywood-quizmaster-38829-639dbda0/kollywood_quizmaster/src/components'
 @ ./src/games/BlurredPosterQuiz.js 4:0-87 145:26-37 157:50-54 193:40-54 212:30-42
 @ ./src/App.js 7:0-58 54:46-63
 @ ./src/index.js 5:0-24 11:32-35

ERROR in ./src/games/BlurredPosterQuiz.js 5:0-47
Module not found: Error: Can't resolve 'react-router-dom' in '/home/kavia/workspace/code-generation/kollywood-quizmaster-38829-639dbda0/kollywood_quizmaster/src/games'
 @ ./src/App.js 7:0-58 54:46-63
 @ ./src/index.js 5:0-24 11:32-35

ERROR in ./src/games/CastCombo.js 5:0-47
Module not found: Error: Can't resolve 'react-router-dom' in '/home/kavia/workspace/code-generation/kollywood-quizmaster-38829-639dbda0/kollywood_quizmaster/src/games'
 @ ./src/App.js 12:0-42 99:46-55
 @ ./src/index.js 5:0-24 11:32-35

ERROR in ./src/games/CharacterMovieMatch.js 5:0-47
Module not found: Error: Can't resolve 'react-router-dom' in '/home/kavia/workspace/code-generation/kollywood-quizmaster-38829-639dbda0/kollywood_quizmaster/src/games'
 @ ./src/App.js 8:0-62 63:46-65
 @ ./src/index.js 5:0-24 11:32-35

ERROR in ./src/games/MovieBingo.js 4:0-47
Module not found: Error: Can't resolve 'react-router-dom' in '/home/kavia/workspace/code-generation/kollywood-quizmaster-38829-639dbda0/kollywood_quizmaster/src/games'
 @ ./src/App.js 9:0-44 72:46-56
 @ ./src/index.js 5:0-24 11:32-35

ERROR in ./src/games/MovieTimeline.js 5:0-47
Module not found: Error: Can't resolve 'react-router-dom' in '/home/kavia/workspace/code-generation/kollywood-quizmaster-38829-639dbda0/kollywood_quizmaster/src/games'
 @ ./src/App.js 10:0-50 81:46-59
 @ ./src/index.js 5:0-24 11:32-35

ERROR in ./src/games/SpinTheWheel.js 5:0-47
Module not found: Error: Can't resolve 'react-router-dom' in '/home/kavia/workspace/code-generation/kollywood-quizmaster-38829-639dbda0/kollywood_quizmaster/src/games'
 @ ./src/App.js 11:0-48 90:46-58
 @ ./src/index.js 5:0-24 11:32-35

14 errors have detailed information that is not shown.
Use 'stats.errorDetails: true' resp. '--stats-error-details' to show it.

webpack 5.99.9 compiled with 14 errors in 69 ms
assets by status 1.92 KiB [cached] 1 asset
assets by path *.js 1.51 MiB
  asset bundle.js 1.49 MiB [emitted] (name: main)
  asset main.cd9f1a7b7ae6dced25d4.hot-update.js 15.2 KiB [emitted] [immutable] [hmr] (name: main)
asset main.cd9f1a7b7ae6dced25d4.hot-update.json 28 bytes [emitted] [immutable] [hmr]
Entrypoint main 1.51 MiB = bundle.js 1.49 MiB main.cd9f1a7b7ae6dced25d4.hot-update.js 15.2 KiB
cached modules 1.32 MiB [cached] 54 modules
runtime modules 27.5 KiB 14 modules
javascript modules 5.22 KiB
  ./src/components/Navbar.js 2.01 KiB [code generated]
  ./src/components/Navbar.css 2.26 KiB [built] [code generated]
  ./node_modules/css-loader/dist/cjs.js!./src/components/Navbar.css 976 bytes [built] [code generated]

ERROR in ./src/App.js 2:0-84
Module not found: Error: Can't resolve 'react-router-dom' in '/home/kavia/workspace/code-generation/kollywood-quizmaster-38829-639dbda0/kollywood_quizmaster/src'
 @ ./src/index.js 5:0-24 11:32-35

ERROR in ./src/components/Dashboard.js 2:0-47
Module not found: Error: Can't resolve 'react-router-dom' in '/home/kavia/workspace/code-generation/kollywood-quizmaster-38829-639dbda0/kollywood_quizmaster/src/components'
 @ ./src/App.js 6:0-47 36:46-55
 @ ./src/index.js 5:0-24 11:32-35

ERROR in ./src/components/Dashboard.js 3:0-25
Module not found: Error: Can't resolve './Dashboard.css' in '/home/kavia/workspace/code-generation/kollywood-quizmaster-38829-639dbda0/kollywood_quizmaster/src/components'
 @ ./src/App.js 6:0-47 36:46-55
 @ ./src/index.js 5:0-24 11:32-35

ERROR in ./src/components/Login.js 3:0-21
Module not found: Error: Can't resolve './Login.css' in '/home/kavia/workspace/code-generation/kollywood-quizmaster-38829-639dbda0/kollywood_quizmaster/src/components'
 @ ./src/App.js 5:0-39 48:35-40
 @ ./src/index.js 5:0-24 11:32-35

ERROR in ./src/components/Navbar.js 2:0-53
Module not found: Error: Can't resolve 'react-router-dom' in '/home/kavia/workspace/code-generation/kollywood-quizmaster-38829-639dbda0/kollywood_quizmaster/src/components'
 @ ./src/App.js 4:0-41 25:33-39
 @ ./src/index.js 5:0-24 11:32-35

ERROR in ./src/components/ResultsSummary.js 2:0-47
Module not found: Error: Can't resolve 'react-router-dom' in '/home/kavia/workspace/code-generation/kollywood-quizmaster-38829-639dbda0/kollywood_quizmaster/src/components'
 @ ./src/App.js 13:0-57 108:57-71
 @ ./src/index.js 5:0-24 11:32-35

ERROR in ./src/components/Shared.js 2:0-22
Module not found: Error: Can't resolve './Shared.css' in '/home/kavia/workspace/code-generation/kollywood-quizmaster-38829-639dbda0/kollywood_quizmaster/src/components'
 @ ./src/games/BlurredPosterQuiz.js 4:0-87 145:26-37 157:50-54 193:40-54 212:30-42
 @ ./src/App.js 7:0-58 54:46-63
 @ ./src/index.js 5:0-24 11:32-35

ERROR in ./src/games/BlurredPosterQuiz.js 5:0-47
Module not found: Error: Can't resolve 'react-router-dom' in '/home/kavia/workspace/code-generation/kollywood-quizmaster-38829-639dbda0/kollywood_quizmaster/src/games'
 @ ./src/App.js 7:0-58 54:46-63
 @ ./src/index.js 5:0-24 11:32-35

ERROR in ./src/games/CastCombo.js 5:0-47
Module not found: Error: Can't resolve 'react-router-dom' in '/home/kavia/workspace/code-generation/kollywood-quizmaster-38829-639dbda0/kollywood_quizmaster/src/games'
 @ ./src/App.js 12:0-42 99:46-55
 @ ./src/index.js 5:0-24 11:32-35

ERROR in ./src/games/CharacterMovieMatch.js 5:0-47
Module not found: Error: Can't resolve 'react-router-dom' in '/home/kavia/workspace/code-generation/kollywood-quizmaster-38829-639dbda0/kollywood_quizmaster/src/games'
 @ ./src/App.js 8:0-62 63:46-65
 @ ./src/index.js 5:0-24 11:32-35

ERROR in ./src/games/MovieBingo.js 4:0-47
Module not found: Error: Can't resolve 'react-router-dom' in '/home/kavia/workspace/code-generation/kollywood-quizmaster-38829-639dbda0/kollywood_quizmaster/src/games'
 @ ./src/App.js 9:0-44 72:46-56
 @ ./src/index.js 5:0-24 11:32-35

ERROR in ./src/games/MovieTimeline.js 5:0-47
Module not found: Error: Can't resolve 'react-router-dom' in '/home/kavia/workspace/code-generation/kollywood-quizmaster-38829-639dbda0/kollywood_quizmaster/src/games'
 @ ./src/App.js 10:0-50 81:46-59
 @ ./src/index.js 5:0-24 11:32-35

ERROR in ./src/games/SpinTheWheel.js 5:0-47
Module not found: Error: Can't resolve 'react-router-dom' in '/home/kavia/workspace/code-generation/kollywood-quizmaster-38829-639dbda0/kollywood_quizmaster/src/games'
 @ ./src/App.js 11:0-48 90:46-58
 @ ./src/index.js 5:0-24 11:32-35

13 errors have detailed information that is not shown.
Use 'stats.errorDetails: true' resp. '--stats-error-details' to show it.

webpack 5.99.9 compiled with 13 errors in 78 ms
assets by status 1.92 KiB [cached] 1 asset
assets by path *.js 1.52 MiB
  asset bundle.js 1.5 MiB [emitted] (name: main)
  asset main.dede14d047d4217a8683.hot-update.js 14.5 KiB [emitted] [immutable] [hmr] (name: main)
asset main.dede14d047d4217a8683.hot-update.json 28 bytes [emitted] [immutable] [hmr]
Entrypoint main 1.52 MiB = bundle.js 1.5 MiB main.dede14d047d4217a8683.hot-update.js 14.5 KiB
cached modules 1.32 MiB [cached] 56 modules
runtime modules 27.5 KiB 14 modules
javascript modules 5.18 KiB
  ./src/components/Login.js 1.79 KiB [code generated]
  ./src/components/Login.css 2.25 KiB [built] [code generated]
  ./node_modules/css-loader/dist/cjs.js!./src/components/Login.css 1.14 KiB [built] [code generated]

ERROR in ./src/App.js 2:0-84
Module not found: Error: Can't resolve 'react-router-dom' in '/home/kavia/workspace/code-generation/kollywood-quizmaster-38829-639dbda0/kollywood_quizmaster/src'
 @ ./src/index.js 5:0-24 11:32-35

ERROR in ./src/components/Dashboard.js 2:0-47
Module not found: Error: Can't resolve 'react-router-dom' in '/home/kavia/workspace/code-generation/kollywood-quizmaster-38829-639dbda0/kollywood_quizmaster/src/components'
 @ ./src/App.js 6:0-47 36:46-55
 @ ./src/index.js 5:0-24 11:32-35

ERROR in ./src/components/Dashboard.js 3:0-25
Module not found: Error: Can't resolve './Dashboard.css' in '/home/kavia/workspace/code-generation/kollywood-quizmaster-38829-639dbda0/kollywood_quizmaster/src/components'
 @ ./src/App.js 6:0-47 36:46-55
 @ ./src/index.js 5:0-24 11:32-35

ERROR in ./src/components/Navbar.js 2:0-53
Module not found: Error: Can't resolve 'react-router-dom' in '/home/kavia/workspace/code-generation/kollywood-quizmaster-38829-639dbda0/kollywood_quizmaster/src/components'
 @ ./src/App.js 4:0-41 25:33-39
 @ ./src/index.js 5:0-24 11:32-35

ERROR in ./src/components/ResultsSummary.js 2:0-47
Module not found: Error: Can't resolve 'react-router-dom' in '/home/kavia/workspace/code-generation/kollywood-quizmaster-38829-639dbda0/kollywood_quizmaster/src/components'
 @ ./src/App.js 13:0-57 108:57-71
 @ ./src/index.js 5:0-24 11:32-35

ERROR in ./src/components/Shared.js 2:0-22
Module not found: Error: Can't resolve './Shared.css' in '/home/kavia/workspace/code-generation/kollywood-quizmaster-38829-639dbda0/kollywood_quizmaster/src/components'
 @ ./src/games/BlurredPosterQuiz.js 4:0-87 145:26-37 157:50-54 193:40-54 212:30-42
 @ ./src/App.js 7:0-58 54:46-63
 @ ./src/index.js 5:0-24 11:32-35

ERROR in ./src/games/BlurredPosterQuiz.js 5:0-47
Module not found: Error: Can't resolve 'react-router-dom' in '/home/kavia/workspace/code-generation/kollywood-quizmaster-38829-639dbda0/kollywood_quizmaster/src/games'
 @ ./src/App.js 7:0-58 54:46-63
 @ ./src/index.js 5:0-24 11:32-35

ERROR in ./src/games/CastCombo.js 5:0-47
Module not found: Error: Can't resolve 'react-router-dom' in '/home/kavia/workspace/code-generation/kollywood-quizmaster-38829-639dbda0/kollywood_quizmaster/src/games'
 @ ./src/App.js 12:0-42 99:46-55
 @ ./src/index.js 5:0-24 11:32-35

ERROR in ./src/games/CharacterMovieMatch.js 5:0-47
Module not found: Error: Can't resolve 'react-router-dom' in '/home/kavia/workspace/code-generation/kollywood-quizmaster-38829-639dbda0/kollywood_quizmaster/src/games'
 @ ./src/App.js 8:0-62 63:46-65
 @ ./src/index.js 5:0-24 11:32-35

ERROR in ./src/games/MovieBingo.js 4:0-47
Module not found: Error: Can't resolve 'react-router-dom' in '/home/kavia/workspace/code-generation/kollywood-quizmaster-38829-639dbda0/kollywood_quizmaster/src/games'
 @ ./src/App.js 9:0-44 72:46-56
 @ ./src/index.js 5:0-24 11:32-35

ERROR in ./src/games/MovieTimeline.js 5:0-47
Module not found: Error: Can't resolve 'react-router-dom' in '/home/kavia/workspace/code-generation/kollywood-quizmaster-38829-639dbda0/kollywood_quizmaster/src/games'
 @ ./src/App.js 10:0-50 81:46-59
 @ ./src/index.js 5:0-24 11:32-35

ERROR in ./src/games/SpinTheWheel.js 5:0-47
Module not found: Error: Can't resolve 'react-router-dom' in '/home/kavia/workspace/code-generation/kollywood-quizmaster-38829-639dbda0/kollywood_quizmaster/src/games'
 @ ./src/App.js 11:0-48 90:46-58
 @ ./src/index.js 5:0-24 11:32-35

12 errors have detailed information that is not shown.
Use 'stats.errorDetails: true' resp. '--stats-error-details' to show it.

webpack 5.99.9 compiled with 12 errors in 44 ms
assets by status 1.92 KiB [cached] 1 asset
assets by path *.js 1.53 MiB
  asset bundle.js 1.52 MiB [emitted] (name: main)
  asset main.b39c881096395e7d6b2f.hot-update.js 16.6 KiB [emitted] [immutable] [hmr] (name: main)
asset main.b39c881096395e7d6b2f.hot-update.json 28 bytes [emitted] [immutable] [hmr]
Entrypoint main 1.53 MiB = bundle.js 1.52 MiB main.b39c881096395e7d6b2f.hot-update.js 16.6 KiB
cached modules 1.33 MiB [cached] 58 modules
runtime modules 27.5 KiB 14 modules
javascript modules 6.88 KiB
  ./src/components/Dashboard.js 3.06 KiB [code generated]
  ./src/components/Dashboard.css 2.27 KiB [built] [code generated]
  ./node_modules/css-loader/dist/cjs.js!./src/components/Dashboard.css 1.55 KiB [built] [code generated]

ERROR in ./src/App.js 2:0-84
Module not found: Error: Can't resolve 'react-router-dom' in '/home/kavia/workspace/code-generation/kollywood-quizmaster-38829-639dbda0/kollywood_quizmaster/src'
 @ ./src/index.js 5:0-24 11:32-35

ERROR in ./src/components/Dashboard.js 2:0-47
Module not found: Error: Can't resolve 'react-router-dom' in '/home/kavia/workspace/code-generation/kollywood-quizmaster-38829-639dbda0/kollywood_quizmaster/src/components'
 @ ./src/App.js 6:0-47 36:46-55
 @ ./src/index.js 5:0-24 11:32-35

ERROR in ./src/components/Navbar.js 2:0-53
Module not found: Error: Can't resolve 'react-router-dom' in '/home/kavia/workspace/code-generation/kollywood-quizmaster-38829-639dbda0/kollywood_quizmaster/src/components'
 @ ./src/App.js 4:0-41 25:33-39
 @ ./src/index.js 5:0-24 11:32-35

ERROR in ./src/components/ResultsSummary.js 2:0-47
Module not found: Error: Can't resolve 'react-router-dom' in '/home/kavia/workspace/code-generation/kollywood-quizmaster-38829-639dbda0/kollywood_quizmaster/src/components'
 @ ./src/App.js 13:0-57 108:57-71
 @ ./src/index.js 5:0-24 11:32-35

ERROR in ./src/components/Shared.js 2:0-22
Module not found: Error: Can't resolve './Shared.css' in '/home/kavia/workspace/code-generation/kollywood-quizmaster-38829-639dbda0/kollywood_quizmaster/src/components'
 @ ./src/games/BlurredPosterQuiz.js 4:0-87 145:26-37 157:50-54 193:40-54 212:30-42
 @ ./src/App.js 7:0-58 54:46-63
 @ ./src/index.js 5:0-24 11:32-35

ERROR in ./src/games/BlurredPosterQuiz.js 5:0-47
Module not found: Error: Can't resolve 'react-router-dom' in '/home/kavia/workspace/code-generation/kollywood-quizmaster-38829-639dbda0/kollywood_quizmaster/src/games'
 @ ./src/App.js 7:0-58 54:46-63
 @ ./src/index.js 5:0-24 11:32-35

ERROR in ./src/games/CastCombo.js 5:0-47
Module not found: Error: Can't resolve 'react-router-dom' in '/home/kavia/workspace/code-generation/kollywood-quizmaster-38829-639dbda0/kollywood_quizmaster/src/games'
 @ ./src/App.js 12:0-42 99:46-55
 @ ./src/index.js 5:0-24 11:32-35

ERROR in ./src/games/CharacterMovieMatch.js 5:0-47
Module not found: Error: Can't resolve 'react-router-dom' in '/home/kavia/workspace/code-generation/kollywood-quizmaster-38829-639dbda0/kollywood_quizmaster/src/games'
 @ ./src/App.js 8:0-62 63:46-65
 @ ./src/index.js 5:0-24 11:32-35

ERROR in ./src/games/MovieBingo.js 4:0-47
Module not found: Error: Can't resolve 'react-router-dom' in '/home/kavia/workspace/code-generation/kollywood-quizmaster-38829-639dbda0/kollywood_quizmaster/src/games'
 @ ./src/App.js 9:0-44 72:46-56
 @ ./src/index.js 5:0-24 11:32-35

ERROR in ./src/games/MovieTimeline.js 5:0-47
Module not found: Error: Can't resolve 'react-router-dom' in '/home/kavia/workspace/code-generation/kollywood-quizmaster-38829-639dbda0/kollywood_quizmaster/src/games'
 @ ./src/App.js 10:0-50 81:46-59
 @ ./src/index.js 5:0-24 11:32-35

ERROR in ./src/games/SpinTheWheel.js 5:0-47
Module not found: Error: Can't resolve 'react-router-dom' in '/home/kavia/workspace/code-generation/kollywood-quizmaster-38829-639dbda0/kollywood_quizmaster/src/games'
 @ ./src/App.js 11:0-48 90:46-58
 @ ./src/index.js 5:0-24 11:32-35

11 errors have detailed information that is not shown.
Use 'stats.errorDetails: true' resp. '--stats-error-details' to show it.

webpack 5.99.9 compiled with 11 errors in 61 ms
assets by status 1.92 KiB [cached] 1 asset
assets by path *.js 1.54 MiB
  asset bundle.js 1.53 MiB [emitted] (name: main)
  asset main.26a209963e7b639080b4.hot-update.js 16.7 KiB [emitted] [immutable] [hmr] (name: main)
asset main.26a209963e7b639080b4.hot-update.json 28 bytes [emitted] [immutable] [hmr]
Entrypoint main 1.54 MiB = bundle.js 1.53 MiB main.26a209963e7b639080b4.hot-update.js 16.7 KiB
cached modules 1.33 MiB [cached] 60 modules
runtime modules 27.5 KiB 14 modules
javascript modules 7.17 KiB
  ./src/components/Shared.js 2.21 KiB [code generated]
  ./src/components/Shared.css 2.26 KiB [built] [code generated]
  ./node_modules/css-loader/dist/cjs.js!./src/components/Shared.css 2.71 KiB [built] [code generated]

ERROR in ./src/App.js 2:0-84
Module not found: Error: Can't resolve 'react-router-dom' in '/home/kavia/workspace/code-generation/kollywood-quizmaster-38829-639dbda0/kollywood_quizmaster/src'
 @ ./src/index.js 5:0-24 11:32-35

ERROR in ./src/components/Dashboard.js 2:0-47
Module not found: Error: Can't resolve 'react-router-dom' in '/home/kavia/workspace/code-generation/kollywood-quizmaster-38829-639dbda0/kollywood_quizmaster/src/components'
 @ ./src/App.js 6:0-47 36:46-55
 @ ./src/index.js 5:0-24 11:32-35

ERROR in ./src/components/Navbar.js 2:0-53
Module not found: Error: Can't resolve 'react-router-dom' in '/home/kavia/workspace/code-generation/kollywood-quizmaster-38829-639dbda0/kollywood_quizmaster/src/components'
 @ ./src/App.js 4:0-41 25:33-39
 @ ./src/index.js 5:0-24 11:32-35

ERROR in ./src/components/ResultsSummary.js 2:0-47
Module not found: Error: Can't resolve 'react-router-dom' in '/home/kavia/workspace/code-generation/kollywood-quizmaster-38829-639dbda0/kollywood_quizmaster/src/components'
 @ ./src/App.js 13:0-57 108:57-71
 @ ./src/index.js 5:0-24 11:32-35

ERROR in ./src/games/BlurredPosterQuiz.js 5:0-47
Module not found: Error: Can't resolve 'react-router-dom' in '/home/kavia/workspace/code-generation/kollywood-quizmaster-38829-639dbda0/kollywood_quizmaster/src/games'
 @ ./src/App.js 7:0-58 54:46-63
 @ ./src/index.js 5:0-24 11:32-35

ERROR in ./src/games/CastCombo.js 5:0-47
Module not found: Error: Can't resolve 'react-router-dom' in '/home/kavia/workspace/code-generation/kollywood-quizmaster-38829-639dbda0/kollywood_quizmaster/src/games'
 @ ./src/App.js 12:0-42 99:46-55
 @ ./src/index.js 5:0-24 11:32-35

ERROR in ./src/games/CharacterMovieMatch.js 5:0-47
Module not found: Error: Can't resolve 'react-router-dom' in '/home/kavia/workspace/code-generation/kollywood-quizmaster-38829-639dbda0/kollywood_quizmaster/src/games'
 @ ./src/App.js 8:0-62 63:46-65
 @ ./src/index.js 5:0-24 11:32-35

ERROR in ./src/games/MovieBingo.js 4:0-47
Module not found: Error: Can't resolve 'react-router-dom' in '/home/kavia/workspace/code-generation/kollywood-quizmaster-38829-639dbda0/kollywood_quizmaster/src/games'
 @ ./src/App.js 9:0-44 72:46-56
 @ ./src/index.js 5:0-24 11:32-35

ERROR in ./src/games/MovieTimeline.js 5:0-47
Module not found: Error: Can't resolve 'react-router-dom' in '/home/kavia/workspace/code-generation/kollywood-quizmaster-38829-639dbda0/kollywood_quizmaster/src/games'
 @ ./src/App.js 10:0-50 81:46-59
 @ ./src/index.js 5:0-24 11:32-35

ERROR in ./src/games/SpinTheWheel.js 5:0-47
Module not found: Error: Can't resolve 'react-router-dom' in '/home/kavia/workspace/code-generation/kollywood-quizmaster-38829-639dbda0/kollywood_quizmaster/src/games'
 @ ./src/App.js 11:0-48 90:46-58
 @ ./src/index.js 5:0-24 11:32-35

10 errors have detailed information that is not shown.
Use 'stats.errorDetails: true' resp. '--stats-error-details' to show it.

webpack 5.99.9 compiled with 10 errors in 56 ms
assets by status 1.53 MiB [cached] 2 assets
cached modules 1.34 MiB (javascript) 27.5 KiB (runtime) [cached] 77 modules

LOG from webpack.FileSystemInfo
<w> Managed item /home/kavia/workspace/code-generation/kollywood-quizmaster-38829-639dbda0/kollywood_quizmaster/node_modules/react-router-dom isn't a directory or doesn't contain a package.json (see snapshot.managedPaths option)
+ 13 hidden lines

ERROR in ./src/App.js 2:0-84
Module not found: Error: Can't resolve 'react-router-dom' in '/home/kavia/workspace/code-generation/kollywood-quizmaster-38829-639dbda0/kollywood_quizmaster/src'
 @ ./src/index.js 5:0-24 11:32-35

ERROR in ./src/components/Dashboard.js 2:0-47
Module not found: Error: Can't resolve 'react-router-dom' in '/home/kavia/workspace/code-generation/kollywood-quizmaster-38829-639dbda0/kollywood_quizmaster/src/components'
 @ ./src/App.js 6:0-47 36:46-55
 @ ./src/index.js 5:0-24 11:32-35

ERROR in ./src/components/Navbar.js 2:0-53
Module not found: Error: Can't resolve 'react-router-dom' in '/home/kavia/workspace/code-generation/kollywood-quizmaster-38829-639dbda0/kollywood_quizmaster/src/components'
 @ ./src/App.js 4:0-41 25:33-39
 @ ./src/index.js 5:0-24 11:32-35

ERROR in ./src/components/ResultsSummary.js 2:0-47
Module not found: Error: Can't resolve 'react-router-dom' in '/home/kavia/workspace/code-generation/kollywood-quizmaster-38829-639dbda0/kollywood_quizmaster/src/components'
 @ ./src/App.js 13:0-57 108:57-71
 @ ./src/index.js 5:0-24 11:32-35

ERROR in ./src/games/BlurredPosterQuiz.js 5:0-47
Module not found: Error: Can't resolve 'react-router-dom' in '/home/kavia/workspace/code-generation/kollywood-quizmaster-38829-639dbda0/kollywood_quizmaster/src/games'
 @ ./src/App.js 7:0-58 54:46-63
 @ ./src/index.js 5:0-24 11:32-35

ERROR in ./src/games/CastCombo.js 5:0-47
Module not found: Error: Can't resolve 'react-router-dom' in '/home/kavia/workspace/code-generation/kollywood-quizmaster-38829-639dbda0/kollywood_quizmaster/src/games'
 @ ./src/App.js 12:0-42 99:46-55
 @ ./src/index.js 5:0-24 11:32-35

ERROR in ./src/games/CharacterMovieMatch.js 5:0-47
Module not found: Error: Can't resolve 'react-router-dom' in '/home/kavia/workspace/code-generation/kollywood-quizmaster-38829-639dbda0/kollywood_quizmaster/src/games'
 @ ./src/App.js 8:0-62 63:46-65
 @ ./src/index.js 5:0-24 11:32-35

ERROR in ./src/games/MovieBingo.js 4:0-47
Module not found: Error: Can't resolve 'react-router-dom' in '/home/kavia/workspace/code-generation/kollywood-quizmaster-38829-639dbda0/kollywood_quizmaster/src/games'
 @ ./src/App.js 9:0-44 72:46-56
 @ ./src/index.js 5:0-24 11:32-35

ERROR in ./src/games/MovieTimeline.js 5:0-47
Module not found: Error: Can't resolve 'react-router-dom' in '/home/kavia/workspace/code-generation/kollywood-quizmaster-38829-639dbda0/kollywood_quizmaster/src/games'
 @ ./src/App.js 10:0-50 81:46-59
 @ ./src/index.js 5:0-24 11:32-35

ERROR in ./src/games/SpinTheWheel.js 5:0-47
Module not found: Error: Can't resolve 'react-router-dom' in '/home/kavia/workspace/code-generation/kollywood-quizmaster-38829-639dbda0/kollywood_quizmaster/src/games'
 @ ./src/App.js 11:0-48 90:46-58
 @ ./src/index.js 5:0-24 11:32-35

10 errors have detailed information that is not shown.
Use 'stats.errorDetails: true' resp. '--stats-error-details' to show it.

webpack 5.99.9 compiled with 10 errors in 44 ms
assets by status 1.92 KiB [cached] 1 asset
assets by path *.js 1.61 MiB
  asset bundle.js 1.53 MiB [emitted] (name: main)
  asset main.fe5523019465859237ba.hot-update.js 83.6 KiB [emitted] [immutable] [hmr] (name: main)
asset main.fe5523019465859237ba.hot-update.json 28 bytes [emitted] [immutable] [hmr]
Entrypoint main 1.61 MiB = bundle.js 1.53 MiB main.fe5523019465859237ba.hot-update.js 83.6 KiB
cached modules 1.29 MiB [cached] 53 modules
runtime modules 27.5 KiB 14 modules
javascript modules 53.2 KiB
  modules by path ./src/games/*.js 39.9 KiB
    ./src/games/BlurredPosterQuiz.js 6.95 KiB [code generated]
    ./src/games/CharacterMovieMatch.js 7.65 KiB [code generated]
    ./src/games/MovieBingo.js 4.75 KiB [code generated]
    ./src/games/MovieTimeline.js 5.54 KiB [code generated]
    + 2 modules
  modules by path ./src/components/*.js 7.57 KiB
    ./src/components/Navbar.js 2.01 KiB [code generated]
    ./src/components/Dashboard.js 3.06 KiB [code generated]
    ./src/components/ResultsSummary.js 2.5 KiB [code generated]
  ./src/App.js 5.38 KiB [code generated]
  ./node_modules/react-router-dom/dist/index.mjs 383 bytes [built] [code generated]

WARNING in ./src/App.js 23:28-34
export 'BrowserRouter' (imported as 'Router') was not found in 'react-router-dom' (module has no exports)
 @ ./src/index.js 5:0-24 11:32-35

WARNING in ./src/App.js 32:37-43
export 'Routes' (imported as 'Routes') was not found in 'react-router-dom' (module has no exports)
 @ ./src/index.js 5:0-24 11:32-35

WARNING in ./src/App.js 34:39-44
export 'Route' (imported as 'Route') was not found in 'react-router-dom' (module has no exports)
 @ ./src/index.js 5:0-24 11:32-35

WARNING in ./src/App.js 38:35-43
export 'Navigate' (imported as 'Navigate') was not found in 'react-router-dom' (module has no exports)
 @ ./src/index.js 5:0-24 11:32-35

WARNING in ./src/App.js 43:32-37
export 'Route' (imported as 'Route') was not found in 'react-router-dom' (module has no exports)
 @ ./src/index.js 5:0-24 11:32-35

WARNING in ./src/App.js 45:46-54
export 'Navigate' (imported as 'Navigate') was not found in 'react-router-dom' (module has no exports)
 @ ./src/index.js 5:0-24 11:32-35

WARNING in ./src/App.js 52:32-37
export 'Route' (imported as 'Route') was not found in 'react-router-dom' (module has no exports)
 @ ./src/index.js 5:0-24 11:32-35

WARNING in ./src/App.js 56:35-43
export 'Navigate' (imported as 'Navigate') was not found in 'react-router-dom' (module has no exports)
 @ ./src/index.js 5:0-24 11:32-35

WARNING in ./src/App.js 61:32-37
export 'Route' (imported as 'Route') was not found in 'react-router-dom' (module has no exports)
 @ ./src/index.js 5:0-24 11:32-35

WARNING in ./src/App.js 65:35-43
export 'Navigate' (imported as 'Navigate') was not found in 'react-router-dom' (module has no exports)
 @ ./src/index.js 5:0-24 11:32-35

WARNING in ./src/App.js 70:32-37
export 'Route' (imported as 'Route') was not found in 'react-router-dom' (module has no exports)
 @ ./src/index.js 5:0-24 11:32-35

WARNING in ./src/App.js 74:35-43
export 'Navigate' (imported as 'Navigate') was not found in 'react-router-dom' (module has no exports)
 @ ./src/index.js 5:0-24 11:32-35

WARNING in ./src/App.js 79:32-37
export 'Route' (imported as 'Route') was not found in 'react-router-dom' (module has no exports)
 @ ./src/index.js 5:0-24 11:32-35

WARNING in ./src/App.js 83:35-43
export 'Navigate' (imported as 'Navigate') was not found in 'react-router-dom' (module has no exports)
 @ ./src/index.js 5:0-24 11:32-35

WARNING in ./src/App.js 88:32-37
export 'Route' (imported as 'Route') was not found in 'react-router-dom' (module has no exports)
 @ ./src/index.js 5:0-24 11:32-35

WARNING in ./src/App.js 92:35-43
export 'Navigate' (imported as 'Navigate') was not found in 'react-router-dom' (module has no exports)
 @ ./src/index.js 5:0-24 11:32-35

WARNING in ./src/App.js 97:32-37
export 'Route' (imported as 'Route') was not found in 'react-router-dom' (module has no exports)
 @ ./src/index.js 5:0-24 11:32-35

WARNING in ./src/App.js 101:35-43
export 'Navigate' (imported as 'Navigate') was not found in 'react-router-dom' (module has no exports)
 @ ./src/index.js 5:0-24 11:32-35

WARNING in ./src/App.js 106:32-37
export 'Route' (imported as 'Route') was not found in 'react-router-dom' (module has no exports)
 @ ./src/index.js 5:0-24 11:32-35

WARNING in ./src/App.js 113:35-43
export 'Navigate' (imported as 'Navigate') was not found in 'react-router-dom' (module has no exports)
 @ ./src/index.js 5:0-24 11:32-35

WARNING in ./src/App.js 118:32-37
export 'Route' (imported as 'Route') was not found in 'react-router-dom' (module has no exports)
 @ ./src/index.js 5:0-24 11:32-35

WARNING in ./src/App.js 120:39-47
export 'Navigate' (imported as 'Navigate') was not found in 'react-router-dom' (module has no exports)
 @ ./src/index.js 5:0-24 11:32-35

WARNING in ./src/components/Dashboard.js 49:19-30
export 'useNavigate' (imported as 'useNavigate') was not found in 'react-router-dom' (module has no exports)
 @ ./src/App.js 6:0-47 36:46-55
 @ ./src/index.js 5:0-24 11:32-35

WARNING in ./src/components/Navbar.js 13:19-30
export 'useNavigate' (imported as 'useNavigate') was not found in 'react-router-dom' (module has no exports)
 @ ./src/App.js 4:0-41 25:33-39
 @ ./src/index.js 5:0-24 11:32-35

WARNING in ./src/components/Navbar.js 29:36-40
export 'Link' (imported as 'Link') was not found in 'react-router-dom' (module has no exports)
 @ ./src/App.js 4:0-41 25:33-39
 @ ./src/index.js 5:0-24 11:32-35

WARNING in ./src/components/Navbar.js 57:31-35
export 'Link' (imported as 'Link') was not found in 'react-router-dom' (module has no exports)
 @ ./src/App.js 4:0-41 25:33-39
 @ ./src/index.js 5:0-24 11:32-35

WARNING in ./src/components/ResultsSummary.js 12:19-30
export 'useNavigate' (imported as 'useNavigate') was not found in 'react-router-dom' (module has no exports)
 @ ./src/App.js 13:0-57 108:57-71
 @ ./src/index.js 5:0-24 11:32-35

WARNING in ./src/games/BlurredPosterQuiz.js 54:19-30
export 'useNavigate' (imported as 'useNavigate') was not found in 'react-router-dom' (module has no exports)
 @ ./src/App.js 7:0-58 54:46-63
 @ ./src/index.js 5:0-24 11:32-35

WARNING in ./src/games/CastCombo.js 24:19-30
export 'useNavigate' (imported as 'useNavigate') was not found in 'react-router-dom' (module has no exports)
 @ ./src/App.js 12:0-42 99:46-55
 @ ./src/index.js 5:0-24 11:32-35

WARNING in ./src/games/CharacterMovieMatch.js 22:19-30
export 'useNavigate' (imported as 'useNavigate') was not found in 'react-router-dom' (module has no exports)
 @ ./src/App.js 8:0-62 63:46-65
 @ ./src/index.js 5:0-24 11:32-35

WARNING in ./src/games/MovieBingo.js 39:19-30
export 'useNavigate' (imported as 'useNavigate') was not found in 'react-router-dom' (module has no exports)
 @ ./src/App.js 9:0-44 72:46-56
 @ ./src/index.js 5:0-24 11:32-35

WARNING in ./src/games/MovieTimeline.js 24:19-30
export 'useNavigate' (imported as 'useNavigate') was not found in 'react-router-dom' (module has no exports)
 @ ./src/App.js 10:0-50 81:46-59
 @ ./src/index.js 5:0-24 11:32-35

WARNING in ./src/games/SpinTheWheel.js 26:19-30
export 'useNavigate' (imported as 'useNavigate') was not found in 'react-router-dom' (module has no exports)
 @ ./src/App.js 11:0-48 90:46-58
 @ ./src/index.js 5:0-24 11:32-35

ERROR in ./node_modules/react-router-dom/dist/index.mjs 13:0-66
Module not found: Error: Can't resolve 'react-router/dom' in '/home/kavia/workspace/code-generation/kollywood-quizmaster-38829-639dbda0/kollywood_quizmaster/node_modules/react-router-dom/dist'
resolve 'react-router/dom' in '/home/kavia/workspace/code-generation/kollywood-quizmaster-38829-639dbda0/kollywood_quizmaster/node_modules/react-router-dom/dist'
  Parsed request is a module
  using description file: /home/kavia/workspace/code-generation/kollywood-quizmaster-38829-639dbda0/kollywood_quizmaster/node_modules/react-router-dom/package.json (relative path: ./dist)
    Field 'browser' doesn't contain a valid alias configuration
    resolve as module
      /home/kavia/workspace/code-generation/kollywood-quizmaster-38829-639dbda0/kollywood_quizmaster/node_modules/react-router-dom/dist/node_modules doesn't exist or is not a directory
      /home/kavia/workspace/code-generation/kollywood-quizmaster-38829-639dbda0/kollywood_quizmaster/node_modules/react-router-dom/node_modules doesn't exist or is not a directory
      /home/kavia/workspace/code-generation/kollywood-quizmaster-38829-639dbda0/kollywood_quizmaster/node_modules/node_modules doesn't exist or is not a directory
      looking for modules in /home/kavia/workspace/code-generation/kollywood-quizmaster-38829-639dbda0/kollywood_quizmaster/node_modules
        existing directory /home/kavia/workspace/code-generation/kollywood-quizmaster-38829-639dbda0/kollywood_quizmaster/node_modules/react-router
          using description file: /home/kavia/workspace/code-generation/kollywood-quizmaster-38829-639dbda0/kollywood_quizmaster/node_modules/react-router/package.json (relative path: .)
            using exports field: ./dist/development/dom-export.mjs
              using description file: /home/kavia/workspace/code-generation/kollywood-quizmaster-38829-639dbda0/kollywood_quizmaster/node_modules/react-router/package.json (relative path: ./dist/development/dom-export.mjs)
                Field 'browser' doesn't contain a valid alias configuration
                /home/kavia/workspace/code-generation/kollywood-quizmaster-38829-639dbda0/kollywood_quizmaster/node_modules/react-router/dist/development/dom-export.mjs doesn't exist
      /home/kavia/workspace/code-generation/kollywood-quizmaster-38829-639dbda0/node_modules doesn't exist or is not a directory
      /home/kavia/workspace/code-generation/node_modules doesn't exist or is not a directory
      /home/kavia/workspace/node_modules doesn't exist or is not a directory
      /home/kavia/node_modules doesn't exist or is not a directory
      /home/node_modules doesn't exist or is not a directory
      /node_modules doesn't exist or is not a directory
 @ ./src/App.js 2:0-84 23:28-34 32:37-43 34:39-44 38:35-43 43:32-37 45:46-54 52:32-37 56:35-43 61:32-37 65:35-43 70:32-37 74:35-43 79:32-37 83:35-43 88:32-37 92:35-43 97:32-37 101:35-43 106:32-37 113:35-43 118:32-37 120:39-47
 @ ./src/index.js 5:0-24 11:32-35

ERROR in ./node_modules/react-router-dom/dist/index.mjs 14:0-29
Module not found: Error: Can't resolve 'react-router' in '/home/kavia/workspace/code-generation/kollywood-quizmaster-38829-639dbda0/kollywood_quizmaster/node_modules/react-router-dom/dist'
resolve 'react-router' in '/home/kavia/workspace/code-generation/kollywood-quizmaster-38829-639dbda0/kollywood_quizmaster/node_modules/react-router-dom/dist'
  Parsed request is a module
  using description file: /home/kavia/workspace/code-generation/kollywood-quizmaster-38829-639dbda0/kollywood_quizmaster/node_modules/react-router-dom/package.json (relative path: ./dist)
    Field 'browser' doesn't contain a valid alias configuration
    resolve as module
      /home/kavia/workspace/code-generation/kollywood-quizmaster-38829-639dbda0/kollywood_quizmaster/node_modules/react-router-dom/dist/node_modules doesn't exist or is not a directory
      /home/kavia/workspace/code-generation/kollywood-quizmaster-38829-639dbda0/kollywood_quizmaster/node_modules/react-router-dom/node_modules doesn't exist or is not a directory
      /home/kavia/workspace/code-generation/kollywood-quizmaster-38829-639dbda0/kollywood_quizmaster/node_modules/node_modules doesn't exist or is not a directory
      looking for modules in /home/kavia/workspace/code-generation/kollywood-quizmaster-38829-639dbda0/kollywood_quizmaster/node_modules
        single file module
          using description file: /home/kavia/workspace/code-generation/kollywood-quizmaster-38829-639dbda0/kollywood_quizmaster/package.json (relative path: ./node_modules/react-router)
            no extension
              Field 'browser' doesn't contain a valid alias configuration
              /home/kavia/workspace/code-generation/kollywood-quizmaster-38829-639dbda0/kollywood_quizmaster/node_modules/react-router is not a file
            .js
              Field 'browser' doesn't contain a valid alias configuration
              /home/kavia/workspace/code-generation/kollywood-quizmaster-38829-639dbda0/kollywood_quizmaster/node_modules/react-router.js doesn't exist
            .jsx
              Field 'browser' doesn't contain a valid alias configuration
              /home/kavia/workspace/code-generation/kollywood-quizmaster-38829-639dbda0/kollywood_quizmaster/node_modules/react-router.jsx doesn't exist
        existing directory /home/kavia/workspace/code-generation/kollywood-quizmaster-38829-639dbda0/kollywood_quizmaster/node_modules/react-router
          using description file: /home/kavia/workspace/code-generation/kollywood-quizmaster-38829-639dbda0/kollywood_quizmaster/node_modules/react-router/package.json (relative path: .)
            using exports field: ./dist/development/index.mjs
              using description file: /home/kavia/workspace/code-generation/kollywood-quizmaster-38829-639dbda0/kollywood_quizmaster/node_modules/react-router/package.json (relative path: ./dist/development/index.mjs)
                no extension
                  Field 'browser' doesn't contain a valid alias configuration
                  /home/kavia/workspace/code-generation/kollywood-quizmaster-38829-639dbda0/kollywood_quizmaster/node_modules/react-router/dist/development/index.mjs doesn't exist
                .js
                  Field 'browser' doesn't contain a valid alias configuration
                  /home/kavia/workspace/code-generation/kollywood-quizmaster-38829-639dbda0/kollywood_quizmaster/node_modules/react-router/dist/development/index.mjs.js doesn't exist
                .jsx
                  Field 'browser' doesn't contain a valid alias configuration
                  /home/kavia/workspace/code-generation/kollywood-quizmaster-38829-639dbda0/kollywood_quizmaster/node_modules/react-router/dist/development/index.mjs.jsx doesn't exist
                as directory
                  /home/kavia/workspace/code-generation/kollywood-quizmaster-38829-639dbda0/kollywood_quizmaster/node_modules/react-router/dist/development/index.mjs doesn't exist
      /home/kavia/workspace/code-generation/kollywood-quizmaster-38829-639dbda0/node_modules doesn't exist or is not a directory
      /home/kavia/workspace/code-generation/node_modules doesn't exist or is not a directory
      /home/kavia/workspace/node_modules doesn't exist or is not a directory
      /home/kavia/node_modules doesn't exist or is not a directory
      /home/node_modules doesn't exist or is not a directory
      /node_modules doesn't exist or is not a directory
 @ ./src/App.js 2:0-84 23:28-34 32:37-43 34:39-44 38:35-43 43:32-37 45:46-54 52:32-37 56:35-43 61:32-37 65:35-43 70:32-37 74:35-43 79:32-37 83:35-43 88:32-37 92:35-43 97:32-37 101:35-43 106:32-37 113:35-43 118:32-37 120:39-47
 @ ./src/index.js 5:0-24 11:32-35

webpack 5.99.9 compiled with 2 errors and 33 warnings in 92 ms
assets by status 1.92 KiB [cached] 1 asset
assets by path *.js 2.41 MiB
  asset bundle.js 1.97 MiB [emitted] (name: main)
  asset main.6956252cfdee3eb6ea38.hot-update.js 454 KiB [emitted] [immutable] [hmr] (name: main)
asset main.6956252cfdee3eb6ea38.hot-update.json 28 bytes [emitted] [immutable] [hmr]
Entrypoint main 2.41 MiB = bundle.js 1.97 MiB main.6956252cfdee3eb6ea38.hot-update.js 454 KiB
cached modules 1.34 MiB [cached] 63 modules
runtime modules 27.5 KiB 14 modules
javascript modules 392 KiB
  modules by path ./node_modules/react-router/ 385 KiB
    ./node_modules/react-router/dist/development/dom-export.mjs 6.86 KiB [built] [code generated]
    ./node_modules/react-router/dist/development/index.mjs 5.61 KiB [built] [code generated]
    ./node_modules/react-router/dist/development/chunk-NL6KNZEE.mjs 365 KiB [built] [code generated]
    ./node_modules/react-router/node_modules/cookie/dist/index.js 8.14 KiB [built] [code generated]
  ./node_modules/react-router-dom/dist/index.mjs 383 bytes [code generated]
  ./node_modules/set-cookie-parser/lib/set-cookie.js 6.47 KiB [built] [code generated]

WARNING in ./src/App.js 23:28-34
export 'BrowserRouter' (imported as 'Router') was not found in 'react-router-dom' (module has no exports)
 @ ./src/index.js 5:0-24 11:32-35

WARNING in ./src/App.js 32:37-43
export 'Routes' (imported as 'Routes') was not found in 'react-router-dom' (module has no exports)
 @ ./src/index.js 5:0-24 11:32-35

WARNING in ./src/App.js 34:39-44
export 'Route' (imported as 'Route') was not found in 'react-router-dom' (module has no exports)
 @ ./src/index.js 5:0-24 11:32-35

WARNING in ./src/App.js 38:35-43
export 'Navigate' (imported as 'Navigate') was not found in 'react-router-dom' (module has no exports)
 @ ./src/index.js 5:0-24 11:32-35

WARNING in ./src/App.js 43:32-37
export 'Route' (imported as 'Route') was not found in 'react-router-dom' (module has no exports)
 @ ./src/index.js 5:0-24 11:32-35

WARNING in ./src/App.js 45:46-54
export 'Navigate' (imported as 'Navigate') was not found in 'react-router-dom' (module has no exports)
 @ ./src/index.js 5:0-24 11:32-35

WARNING in ./src/App.js 52:32-37
export 'Route' (imported as 'Route') was not found in 'react-router-dom' (module has no exports)
 @ ./src/index.js 5:0-24 11:32-35

WARNING in ./src/App.js 56:35-43
export 'Navigate' (imported as 'Navigate') was not found in 'react-router-dom' (module has no exports)
 @ ./src/index.js 5:0-24 11:32-35

WARNING in ./src/App.js 61:32-37
export 'Route' (imported as 'Route') was not found in 'react-router-dom' (module has no exports)
 @ ./src/index.js 5:0-24 11:32-35

WARNING in ./src/App.js 65:35-43
export 'Navigate' (imported as 'Navigate') was not found in 'react-router-dom' (module has no exports)
 @ ./src/index.js 5:0-24 11:32-35

WARNING in ./src/App.js 70:32-37
export 'Route' (imported as 'Route') was not found in 'react-router-dom' (module has no exports)
 @ ./src/index.js 5:0-24 11:32-35

WARNING in ./src/App.js 74:35-43
export 'Navigate' (imported as 'Navigate') was not found in 'react-router-dom' (module has no exports)
 @ ./src/index.js 5:0-24 11:32-35

WARNING in ./src/App.js 79:32-37
export 'Route' (imported as 'Route') was not found in 'react-router-dom' (module has no exports)
 @ ./src/index.js 5:0-24 11:32-35

WARNING in ./src/App.js 83:35-43
export 'Navigate' (imported as 'Navigate') was not found in 'react-router-dom' (module has no exports)
 @ ./src/index.js 5:0-24 11:32-35

WARNING in ./src/App.js 88:32-37
export 'Route' (imported as 'Route') was not found in 'react-router-dom' (module has no exports)
 @ ./src/index.js 5:0-24 11:32-35

WARNING in ./src/App.js 92:35-43
export 'Navigate' (imported as 'Navigate') was not found in 'react-router-dom' (module has no exports)
 @ ./src/index.js 5:0-24 11:32-35

WARNING in ./src/App.js 97:32-37
export 'Route' (imported as 'Route') was not found in 'react-router-dom' (module has no exports)
 @ ./src/index.js 5:0-24 11:32-35

WARNING in ./src/App.js 101:35-43
export 'Navigate' (imported as 'Navigate') was not found in 'react-router-dom' (module has no exports)
 @ ./src/index.js 5:0-24 11:32-35

WARNING in ./src/App.js 106:32-37
export 'Route' (imported as 'Route') was not found in 'react-router-dom' (module has no exports)
 @ ./src/index.js 5:0-24 11:32-35

WARNING in ./src/App.js 113:35-43
export 'Navigate' (imported as 'Navigate') was not found in 'react-router-dom' (module has no exports)
 @ ./src/index.js 5:0-24 11:32-35

WARNING in ./src/App.js 118:32-37
export 'Route' (imported as 'Route') was not found in 'react-router-dom' (module has no exports)
 @ ./src/index.js 5:0-24 11:32-35

WARNING in ./src/App.js 120:39-47
export 'Navigate' (imported as 'Navigate') was not found in 'react-router-dom' (module has no exports)
 @ ./src/index.js 5:0-24 11:32-35

WARNING in ./src/components/Dashboard.js 49:19-30
export 'useNavigate' (imported as 'useNavigate') was not found in 'react-router-dom' (module has no exports)
 @ ./src/App.js 6:0-47 36:46-55
 @ ./src/index.js 5:0-24 11:32-35

WARNING in ./src/components/Navbar.js 13:19-30
export 'useNavigate' (imported as 'useNavigate') was not found in 'react-router-dom' (module has no exports)
 @ ./src/App.js 4:0-41 25:33-39
 @ ./src/index.js 5:0-24 11:32-35

WARNING in ./src/components/Navbar.js 29:36-40
export 'Link' (imported as 'Link') was not found in 'react-router-dom' (module has no exports)
 @ ./src/App.js 4:0-41 25:33-39
 @ ./src/index.js 5:0-24 11:32-35

WARNING in ./src/components/Navbar.js 57:31-35
export 'Link' (imported as 'Link') was not found in 'react-router-dom' (module has no exports)
 @ ./src/App.js 4:0-41 25:33-39
 @ ./src/index.js 5:0-24 11:32-35

WARNING in ./src/components/ResultsSummary.js 12:19-30
export 'useNavigate' (imported as 'useNavigate') was not found in 'react-router-dom' (module has no exports)
 @ ./src/App.js 13:0-57 108:57-71
 @ ./src/index.js 5:0-24 11:32-35

WARNING in ./src/games/BlurredPosterQuiz.js 54:19-30
export 'useNavigate' (imported as 'useNavigate') was not found in 'react-router-dom' (module has no exports)
 @ ./src/App.js 7:0-58 54:46-63
 @ ./src/index.js 5:0-24 11:32-35

WARNING in ./src/games/CastCombo.js 24:19-30
export 'useNavigate' (imported as 'useNavigate') was not found in 'react-router-dom' (module has no exports)
 @ ./src/App.js 12:0-42 99:46-55
 @ ./src/index.js 5:0-24 11:32-35

WARNING in ./src/games/CharacterMovieMatch.js 22:19-30
export 'useNavigate' (imported as 'useNavigate') was not found in 'react-router-dom' (module has no exports)
 @ ./src/App.js 8:0-62 63:46-65
 @ ./src/index.js 5:0-24 11:32-35

WARNING in ./src/games/MovieBingo.js 39:19-30
export 'useNavigate' (imported as 'useNavigate') was not found in 'react-router-dom' (module has no exports)
 @ ./src/App.js 9:0-44 72:46-56
 @ ./src/index.js 5:0-24 11:32-35

WARNING in ./src/games/MovieTimeline.js 24:19-30
export 'useNavigate' (imported as 'useNavigate') was not found in 'react-router-dom' (module has no exports)
 @ ./src/App.js 10:0-50 81:46-59
 @ ./src/index.js 5:0-24 11:32-35

WARNING in ./src/games/SpinTheWheel.js 26:19-30
export 'useNavigate' (imported as 'useNavigate') was not found in 'react-router-dom' (module has no exports)
 @ ./src/App.js 11:0-48 90:46-58
 @ ./src/index.js 5:0-24 11:32-35

webpack 5.99.9 compiled with 33 warnings in 334 ms
Injecting EditorRootWrapper import: ../.ve/EditorRootWrapper
assets by path *.js 1.97 MiB
  asset bundle.js 1.97 MiB [emitted] (name: main)
  asset main.b23e825712480d90be42.hot-update.js 854 bytes [emitted] [immutable] [hmr] (name: main)
asset index.html 1.92 KiB [emitted]
asset main.b23e825712480d90be42.hot-update.json 28 bytes [emitted] [immutable] [hmr]
Entrypoint main 1.97 MiB = bundle.js 1.97 MiB main.b23e825712480d90be42.hot-update.js 854 bytes
cached modules 1.65 MiB [cached] 51 modules
runtime modules 27.5 KiB 14 modules
javascript modules 75.1 KiB
  modules by path ./src/ 62.9 KiB
    modules by path ./src/games/*.js 39.9 KiB 6 modules
    modules by path ./src/components/*.js 11.6 KiB 5 modules
    modules by path ./src/*.js 10.6 KiB
      ./src/index.js 530 bytes [built]
      + 2 modules
    ./src/context/AppContext.js 929 bytes [built]
  modules by path ./.ve/ 12.2 KiB
    ./.ve/EditorRootWrapper.js 2.68 KiB [built]
    ./.ve/EditorOverlay.jsx 1.58 KiB [built]
    ./.ve/SidePanel.js 7.93 KiB [built]

WARNING in ./src/App.js 23:28-34
export 'BrowserRouter' (imported as 'Router') was not found in 'react-router-dom' (module has no exports)
 @ ./src/index.js 5:0-24 11:32-35

WARNING in ./src/App.js 32:37-43
export 'Routes' (imported as 'Routes') was not found in 'react-router-dom' (module has no exports)
 @ ./src/index.js 5:0-24 11:32-35

WARNING in ./src/App.js 34:39-44
export 'Route' (imported as 'Route') was not found in 'react-router-dom' (module has no exports)
 @ ./src/index.js 5:0-24 11:32-35

WARNING in ./src/App.js 38:35-43
export 'Navigate' (imported as 'Navigate') was not found in 'react-router-dom' (module has no exports)
 @ ./src/index.js 5:0-24 11:32-35

WARNING in ./src/App.js 43:32-37
export 'Route' (imported as 'Route') was not found in 'react-router-dom' (module has no exports)
 @ ./src/index.js 5:0-24 11:32-35

WARNING in ./src/App.js 45:46-54
export 'Navigate' (imported as 'Navigate') was not found in 'react-router-dom' (module has no exports)
 @ ./src/index.js 5:0-24 11:32-35

WARNING in ./src/App.js 52:32-37
export 'Route' (imported as 'Route') was not found in 'react-router-dom' (module has no exports)
 @ ./src/index.js 5:0-24 11:32-35

WARNING in ./src/App.js 56:35-43
export 'Navigate' (imported as 'Navigate') was not found in 'react-router-dom' (module has no exports)
 @ ./src/index.js 5:0-24 11:32-35

WARNING in ./src/App.js 61:32-37
export 'Route' (imported as 'Route') was not found in 'react-router-dom' (module has no exports)
 @ ./src/index.js 5:0-24 11:32-35

WARNING in ./src/App.js 65:35-43
export 'Navigate' (imported as 'Navigate') was not found in 'react-router-dom' (module has no exports)
 @ ./src/index.js 5:0-24 11:32-35

WARNING in ./src/App.js 70:32-37
export 'Route' (imported as 'Route') was not found in 'react-router-dom' (module has no exports)
 @ ./src/index.js 5:0-24 11:32-35

WARNING in ./src/App.js 74:35-43
export 'Navigate' (imported as 'Navigate') was not found in 'react-router-dom' (module has no exports)
 @ ./src/index.js 5:0-24 11:32-35

WARNING in ./src/App.js 79:32-37
export 'Route' (imported as 'Route') was not found in 'react-router-dom' (module has no exports)
 @ ./src/index.js 5:0-24 11:32-35

WARNING in ./src/App.js 83:35-43
export 'Navigate' (imported as 'Navigate') was not found in 'react-router-dom' (module has no exports)
 @ ./src/index.js 5:0-24 11:32-35

WARNING in ./src/App.js 88:32-37
export 'Route' (imported as 'Route') was not found in 'react-router-dom' (module has no exports)
 @ ./src/index.js 5:0-24 11:32-35

WARNING in ./src/App.js 92:35-43
export 'Navigate' (imported as 'Navigate') was not found in 'react-router-dom' (module has no exports)
 @ ./src/index.js 5:0-24 11:32-35

WARNING in ./src/App.js 97:32-37
export 'Route' (imported as 'Route') was not found in 'react-router-dom' (module has no exports)
 @ ./src/index.js 5:0-24 11:32-35

WARNING in ./src/App.js 101:35-43
export 'Navigate' (imported as 'Navigate') was not found in 'react-router-dom' (module has no exports)
 @ ./src/index.js 5:0-24 11:32-35

WARNING in ./src/App.js 106:32-37
export 'Route' (imported as 'Route') was not found in 'react-router-dom' (module has no exports)
 @ ./src/index.js 5:0-24 11:32-35

WARNING in ./src/App.js 113:35-43
export 'Navigate' (imported as 'Navigate') was not found in 'react-router-dom' (module has no exports)
 @ ./src/index.js 5:0-24 11:32-35

WARNING in ./src/App.js 118:32-37
export 'Route' (imported as 'Route') was not found in 'react-router-dom' (module has no exports)
 @ ./src/index.js 5:0-24 11:32-35

WARNING in ./src/App.js 120:39-47
export 'Navigate' (imported as 'Navigate') was not found in 'react-router-dom' (module has no exports)
 @ ./src/index.js 5:0-24 11:32-35

WARNING in ./src/components/Dashboard.js 49:19-30
export 'useNavigate' (imported as 'useNavigate') was not found in 'react-router-dom' (module has no exports)
 @ ./src/App.js 6:0-47 36:46-55
 @ ./src/index.js 5:0-24 11:32-35

WARNING in ./src/components/Navbar.js 13:19-30
export 'useNavigate' (imported as 'useNavigate') was not found in 'react-router-dom' (module has no exports)
 @ ./src/App.js 4:0-41 25:33-39
 @ ./src/index.js 5:0-24 11:32-35

WARNING in ./src/components/Navbar.js 29:36-40
export 'Link' (imported as 'Link') was not found in 'react-router-dom' (module has no exports)
 @ ./src/App.js 4:0-41 25:33-39
 @ ./src/index.js 5:0-24 11:32-35

WARNING in ./src/components/Navbar.js 57:31-35
export 'Link' (imported as 'Link') was not found in 'react-router-dom' (module has no exports)
 @ ./src/App.js 4:0-41 25:33-39
 @ ./src/index.js 5:0-24 11:32-35

WARNING in ./src/components/ResultsSummary.js 12:19-30
export 'useNavigate' (imported as 'useNavigate') was not found in 'react-router-dom' (module has no exports)
 @ ./src/App.js 13:0-57 108:57-71
 @ ./src/index.js 5:0-24 11:32-35

WARNING in ./src/games/BlurredPosterQuiz.js 54:19-30
export 'useNavigate' (imported as 'useNavigate') was not found in 'react-router-dom' (module has no exports)
 @ ./src/App.js 7:0-58 54:46-63
 @ ./src/index.js 5:0-24 11:32-35

WARNING in ./src/games/CastCombo.js 24:19-30
export 'useNavigate' (imported as 'useNavigate') was not found in 'react-router-dom' (module has no exports)
 @ ./src/App.js 12:0-42 99:46-55
 @ ./src/index.js 5:0-24 11:32-35

WARNING in ./src/games/CharacterMovieMatch.js 22:19-30
export 'useNavigate' (imported as 'useNavigate') was not found in 'react-router-dom' (module has no exports)
 @ ./src/App.js 8:0-62 63:46-65
 @ ./src/index.js 5:0-24 11:32-35

WARNING in ./src/games/MovieBingo.js 39:19-30
export 'useNavigate' (imported as 'useNavigate') was not found in 'react-router-dom' (module has no exports)
 @ ./src/App.js 9:0-44 72:46-56
 @ ./src/index.js 5:0-24 11:32-35

WARNING in ./src/games/MovieTimeline.js 24:19-30
export 'useNavigate' (imported as 'useNavigate') was not found in 'react-router-dom' (module has no exports)
 @ ./src/App.js 10:0-50 81:46-59
 @ ./src/index.js 5:0-24 11:32-35

WARNING in ./src/games/SpinTheWheel.js 26:19-30
export 'useNavigate' (imported as 'useNavigate') was not found in 'react-router-dom' (module has no exports)
 @ ./src/App.js 11:0-48 90:46-58
 @ ./src/index.js 5:0-24 11:32-35

webpack 5.99.9 compiled with 33 warnings in 371 ms
